{
"type": "FeatureCollection",
"name": "NBI2022-CUANTILES-SAN_MARTIN",
"xy_coordinate_resolution": 1e-06,
"features": [
{"type":"Feature","properties":{"FRAC":"30","RADIO":"06","hogares_nb":10.0,"hogares_si":340.0,"hogares_to":350.0,"porcentaje":2.8571428571428572},"geometry":{"type":"Polygon","coordinates":[[[-58.55527,-34.569917],[-58.558608,-34.572795],[-58.556983,-34.574033],[-58.555434,-34.575314],[-58.552055,-34.572448],[-58.55527,-34.569917]]]}},
{"type":"Feature","properties":{"FRAC":"30","RADIO":"05","hogares_nb":8.0,"hogares_si":334.0,"hogares_to":342.0,"porcentaje":2.339181286549707},"geometry":{"type":"Polygon","coordinates":[[[-58.557811,-34.573422],[-58.559978,-34.575302],[-58.556641,-34.577949],[-58.554434,-34.576088],[-58.556983,-34.574033],[-58.557811,-34.573422]]]}},
{"type":"Feature","properties":{"FRAC":"30","RADIO":"10","hogares_nb":14.0,"hogares_si":109.0,"hogares_to":123.0,"porcentaje":11.38211382113821},"geometry":{"type":"Polygon","coordinates":[[[-58.553314,-34.580632],[-58.555183,-34.579112],[-58.556053,-34.579852],[-58.554152,-34.581353],[-58.553314,-34.580632]]]}},
{"type":"Feature","properties":{"FRAC":"08","RADIO":"02","hogares_nb":87.0,"hogares_si":491.0,"hogares_to":578.0,"porcentaje":15.051903114186851},"geometry":{"type":"Polygon","coordinates":[[[-58.517425,-34.560191],[-58.519791,-34.557068],[-58.523021,-34.558972],[-58.520418,-34.561985],[-58.517425,-34.560191]]]}},
{"type":"Feature","properties":{"FRAC":"40","RADIO":"01","hogares_nb":24.0,"hogares_si":288.0,"hogares_to":312.0,"porcentaje":7.6923076923076934},"geometry":{"type":"Polygon","coordinates":[[[-58.529016,-34.549124],[-58.529607,-34.550094],[-58.531294,-34.553166],[-58.530608,-34.553139],[-58.530433,-34.553209],[-58.53021,-34.553495],[-58.529969,-34.553555],[-58.529782,-34.553841],[-58.52894,-34.554848],[-58.526745,-34.553606],[-58.526811,-34.553519],[-58.525826,-34.553006],[-58.529016,-34.549124]]]}},
{"type":"Feature","properties":{"FRAC":"44","RADIO":"06","hogares_nb":7.0,"hogares_si":396.0,"hogares_to":403.0,"porcentaje":1.7369727047146399},"geometry":{"type":"Polygon","coordinates":[[[-58.563049,-34.53805],[-58.564788,-34.53953],[-58.559641,-34.543679],[-58.557842,-34.542166],[-58.559153,-34.541157],[-58.563049,-34.53805]]]}},
{"type":"Feature","properties":{"FRAC":"28","RADIO":"03","hogares_nb":15.0,"hogares_si":321.0,"hogares_to":336.0,"porcentaje":4.4642857142857144},"geometry":{"type":"Polygon","coordinates":[[[-58.553823,-34.585314],[-58.556398,-34.583262],[-58.559018,-34.585458],[-58.556793,-34.58746],[-58.553823,-34.585314]]]}},
{"type":"Feature","properties":{"FRAC":"12","RADIO":"01","hogares_nb":13.0,"hogares_si":415.0,"hogares_to":428.0,"porcentaje":3.037383177570093},"geometry":{"type":"Polygon","coordinates":[[[-58.55505,-34.537658],[-58.557375,-34.539652],[-58.555912,-34.540854],[-58.555255,-34.540292],[-58.552869,-34.542202],[-58.551528,-34.543202],[-58.549902,-34.541824],[-58.55505,-34.537658]]]}},
{"type":"Feature","properties":{"FRAC":"05","RADIO":"08","hogares_nb":21.0,"hogares_si":235.0,"hogares_to":256.0,"porcentaje":8.203125},"geometry":{"type":"Polygon","coordinates":[[[-58.537784,-34.54418],[-58.540123,-34.542099],[-58.541383,-34.543138],[-58.538754,-34.545215],[-58.537784,-34.54418]]]}},
{"type":"Feature","properties":{"FRAC":"06","RADIO":"07","hogares_nb":29.0,"hogares_si":331.0,"hogares_to":360.0,"porcentaje":8.0555555555555554},"geometry":{"type":"Polygon","coordinates":[[[-58.538754,-34.545215],[-58.539952,-34.546473],[-58.535898,-34.549826],[-58.534184,-34.548651],[-58.535151,-34.547979],[-58.537032,-34.546493],[-58.538754,-34.545215]]]}},
{"type":"Feature","properties":{"FRAC":"24","RADIO":"02","hogares_nb":23.0,"hogares_si":254.0,"hogares_to":277.0,"porcentaje":8.3032490974729249},"geometry":{"type":"Polygon","coordinates":[[[-58.532017,-34.58028],[-58.534119,-34.582044],[-58.530449,-34.584998],[-58.528777,-34.583907],[-58.531709,-34.580672],[-58.532017,-34.58028]]]}},
{"type":"Feature","properties":{"FRAC":"33","RADIO":"05","hogares_nb":15.0,"hogares_si":467.0,"hogares_to":482.0,"porcentaje":3.1120331950207469},"geometry":{"type":"Polygon","coordinates":[[[-58.566452,-34.565566],[-58.568595,-34.565086],[-58.573378,-34.569763],[-58.571964,-34.570864],[-58.569491,-34.568506],[-58.567875,-34.566882],[-58.566452,-34.565566]]]}},
{"type":"Feature","properties":{"FRAC":"50","RADIO":"05","hogares_nb":4.0,"hogares_si":238.0,"hogares_to":242.0,"porcentaje":1.6528925619834709},"geometry":{"type":"Polygon","coordinates":[[[-58.538115,-34.574871],[-58.53891,-34.575529],[-58.53786,-34.576373],[-58.537065,-34.575715],[-58.538115,-34.574871]]]}},
{"type":"Feature","properties":{"FRAC":"29","RADIO":"03","hogares_nb":6.0,"hogares_si":209.0,"hogares_to":215.0,"porcentaje":2.7906976744186052},"geometry":{"type":"Polygon","coordinates":[[[-58.545703,-34.577792],[-58.547292,-34.579136],[-58.546241,-34.579951],[-58.544144,-34.581704],[-58.542575,-34.580323],[-58.545703,-34.577792]]]}},
{"type":"Feature","properties":{"FRAC":"29","RADIO":"06","hogares_nb":12.0,"hogares_si":216.0,"hogares_to":228.0,"porcentaje":5.2631578947368416},"geometry":{"type":"Polygon","coordinates":[[[-58.544144,-34.581704],[-58.545199,-34.580837],[-58.546695,-34.582109],[-58.547767,-34.581286],[-58.548583,-34.581972],[-58.547479,-34.582785],[-58.546426,-34.583639],[-58.544144,-34.581704]]]}},
{"type":"Feature","properties":{"FRAC":"50","RADIO":"08","hogares_nb":3.0,"hogares_si":305.0,"hogares_to":308.0,"porcentaje":0.97402597402597402},"geometry":{"type":"Polygon","coordinates":[[[-58.541231,-34.577496],[-58.542301,-34.576666],[-58.544686,-34.578645],[-58.543614,-34.57947],[-58.541231,-34.577496]]]}},
{"type":"Feature","properties":{"FRAC":"23","RADIO":"03","hogares_nb":13.0,"hogares_si":236.0,"hogares_to":249.0,"porcentaje":5.2208835341365463},"geometry":{"type":"Polygon","coordinates":[[[-58.52787,-34.576837],[-58.530118,-34.575086],[-58.531627,-34.576361],[-58.529438,-34.578147],[-58.52787,-34.576837]]]}},
{"type":"Feature","properties":{"FRAC":"27","RADIO":"07","hogares_nb":0.0,"hogares_si":207.0,"hogares_to":207.0,"porcentaje":0.0},"geometry":{"type":"Polygon","coordinates":[[[-58.545448,-34.593697],[-58.54673,-34.592658],[-58.545183,-34.591342],[-58.546709,-34.590107],[-58.551349,-34.593108],[-58.545751,-34.593961],[-58.545448,-34.593697]]]}},
{"type":"Feature","properties":{"FRAC":"46","RADIO":"07","hogares_nb":9.0,"hogares_si":216.0,"hogares_to":225.0,"porcentaje":4.0},"geometry":{"type":"Polygon","coordinates":[[[-58.58505,-34.543148],[-58.585249,-34.543091],[-58.58623,-34.54229],[-58.585926,-34.541729],[-58.58713,-34.541386],[-58.587292,-34.541424],[-58.586765,-34.541878],[-58.588319,-34.543185],[-58.587966,-34.543494],[-58.589449,-34.54471],[-58.588455,-34.545467],[-58.587786,-34.544871],[-58.586905,-34.544349],[-58.586684,-34.544518],[-58.58505,-34.543148]]]}},
{"type":"Feature","properties":{"FRAC":"47","RADIO":"08","hogares_nb":14.0,"hogares_si":222.0,"hogares_to":236.0,"porcentaje":5.9322033898305087},"geometry":{"type":"Polygon","coordinates":[[[-58.578046,-34.545157],[-58.578878,-34.544905],[-58.578524,-34.544603],[-58.577915,-34.543244],[-58.58022,-34.542553],[-58.581275,-34.544884],[-58.581571,-34.545665],[-58.579606,-34.546344],[-58.578046,-34.545157]]]}},
{"type":"Feature","properties":{"FRAC":"46","RADIO":"08","hogares_nb":20.0,"hogares_si":311.0,"hogares_to":331.0,"porcentaje":6.0422960725075532},"geometry":{"type":"Polygon","coordinates":[[[-58.588475,-34.540419],[-58.590075,-34.541754],[-58.589689,-34.542084],[-58.591116,-34.543398],[-58.589449,-34.54471],[-58.587966,-34.543494],[-58.588319,-34.543185],[-58.586765,-34.541878],[-58.588475,-34.540419]]]}},
{"type":"Feature","properties":{"FRAC":"35","RADIO":"10","hogares_nb":53.0,"hogares_si":457.0,"hogares_to":510.0,"porcentaje":10.392156862745098},"geometry":{"type":"Polygon","coordinates":[[[-58.584986,-34.555231],[-58.585422,-34.555135],[-58.586304,-34.55753],[-58.584451,-34.558097],[-58.58353,-34.557248],[-58.583165,-34.557455],[-58.58142,-34.558795],[-58.580832,-34.558312],[-58.584611,-34.555391],[-58.584986,-34.555231]]]}},
{"type":"Feature","properties":{"FRAC":"33","RADIO":"03","hogares_nb":6.0,"hogares_si":220.0,"hogares_to":226.0,"porcentaje":2.6548672566371678},"geometry":{"type":"Polygon","coordinates":[[[-58.57102,-34.56454],[-58.573629,-34.563975],[-58.575592,-34.565749],[-58.574774,-34.566462],[-58.573968,-34.567084],[-58.57102,-34.56454]]]}},
{"type":"Feature","properties":{"FRAC":"28","RADIO":"05","hogares_nb":8.0,"hogares_si":325.0,"hogares_to":333.0,"porcentaje":2.402402402402402},"geometry":{"type":"Polygon","coordinates":[[[-58.559018,-34.585458],[-58.560123,-34.584551],[-58.562186,-34.586279],[-58.558913,-34.58899],[-58.556793,-34.58746],[-58.559018,-34.585458]]]}},
{"type":"Feature","properties":{"FRAC":"28","RADIO":"08","hogares_nb":15.0,"hogares_si":391.0,"hogares_to":406.0,"porcentaje":3.694581280788177},"geometry":{"type":"Polygon","coordinates":[[[-58.561813,-34.589619],[-58.559986,-34.588083],[-58.562186,-34.586279],[-58.565213,-34.588829],[-58.563668,-34.590025],[-58.563008,-34.590699],[-58.561813,-34.589619]]]}},
{"type":"Feature","properties":{"FRAC":"26","RADIO":"03","hogares_nb":17.0,"hogares_si":318.0,"hogares_to":335.0,"porcentaje":5.0746268656716413},"geometry":{"type":"Polygon","coordinates":[[[-58.536856,-34.58817],[-58.539284,-34.589622],[-58.539356,-34.589902],[-58.53959,-34.590448],[-58.539736,-34.591105],[-58.536492,-34.591581],[-58.533494,-34.591945],[-58.536856,-34.58817]]]}},
{"type":"Feature","properties":{"FRAC":"26","RADIO":"05","hogares_nb":4.0,"hogares_si":212.0,"hogares_to":216.0,"porcentaje":1.8518518518518521},"geometry":{"type":"Polygon","coordinates":[[[-58.540853,-34.590938],[-58.541476,-34.590829],[-58.542923,-34.59035],[-58.543497,-34.589924],[-58.545183,-34.591342],[-58.543083,-34.593038],[-58.540853,-34.590938]]]}},
{"type":"Feature","properties":{"FRAC":"35","RADIO":"07","hogares_nb":8.0,"hogares_si":76.0,"hogares_to":84.0,"porcentaje":9.5238095238095237},"geometry":{"type":"Polygon","coordinates":[[[-58.580713,-34.559336],[-58.582016,-34.558334],[-58.58302,-34.559224],[-58.582814,-34.55939],[-58.583687,-34.560271],[-58.582671,-34.561113],[-58.580713,-34.559336]]]}},
{"type":"Feature","properties":{"FRAC":"35","RADIO":"09","hogares_nb":8.0,"hogares_si":43.0,"hogares_to":51.0,"porcentaje":15.686274509803921},"geometry":{"type":"Polygon","coordinates":[[[-58.582765,-34.557761],[-58.583165,-34.557455],[-58.58353,-34.557248],[-58.584451,-34.558097],[-58.583762,-34.558622],[-58.582765,-34.557761]]]}},
{"type":"Feature","properties":{"FRAC":"35","RADIO":"08","hogares_nb":19.0,"hogares_si":95.0,"hogares_to":114.0,"porcentaje":16.666666666666664},"geometry":{"type":"Polygon","coordinates":[[[-58.582016,-34.558334],[-58.582765,-34.557761],[-58.583762,-34.558622],[-58.58302,-34.559224],[-58.582016,-34.558334]]]}},
{"type":"Feature","properties":{"FRAC":"14","RADIO":"10","hogares_nb":16.0,"hogares_si":232.0,"hogares_to":248.0,"porcentaje":6.4516129032258061},"geometry":{"type":"Polygon","coordinates":[[[-58.58051,-34.523639],[-58.580938,-34.523352],[-58.581684,-34.524],[-58.581932,-34.524446],[-58.582262,-34.524809],[-58.580983,-34.525826],[-58.580183,-34.525131],[-58.579374,-34.525764],[-58.578638,-34.525135],[-58.58051,-34.523639]]]}},
{"type":"Feature","properties":{"FRAC":"39","RADIO":"03","hogares_nb":5.0,"hogares_si":180.0,"hogares_to":185.0,"porcentaje":2.7027027027027031},"geometry":{"type":"Polygon","coordinates":[[[-58.557102,-34.529946],[-58.558678,-34.528613],[-58.560366,-34.529996],[-58.558709,-34.531346],[-58.557102,-34.529946]]]}},
{"type":"Feature","properties":{"FRAC":"30","RADIO":"11","hogares_nb":8.0,"hogares_si":320.0,"hogares_to":328.0,"porcentaje":2.4390243902439019},"geometry":{"type":"Polygon","coordinates":[[[-58.557522,-34.57868],[-58.559777,-34.580609],[-58.557534,-34.582421],[-58.556398,-34.583262],[-58.554152,-34.581353],[-58.557522,-34.57868]]]}},
{"type":"Feature","properties":{"FRAC":"27","RADIO":"06","hogares_nb":2.0,"hogares_si":192.0,"hogares_to":194.0,"porcentaje":1.0309278350515461},"geometry":{"type":"Polygon","coordinates":[[[-58.543497,-34.589924],[-58.544791,-34.58884],[-58.546709,-34.590107],[-58.545183,-34.591342],[-58.543497,-34.589924]]]}},
{"type":"Feature","properties":{"FRAC":"13","RADIO":"03","hogares_nb":7.0,"hogares_si":207.0,"hogares_to":214.0,"porcentaje":3.2710280373831768},"geometry":{"type":"Polygon","coordinates":[[[-58.570325,-34.533601],[-58.572955,-34.531379],[-58.57399,-34.530597],[-58.574686,-34.530002],[-58.575221,-34.531063],[-58.571194,-34.534341],[-58.570325,-34.533601]]]}},
{"type":"Feature","properties":{"FRAC":"48","RADIO":"02","hogares_nb":10.0,"hogares_si":300.0,"hogares_to":310.0,"porcentaje":3.225806451612903},"geometry":{"type":"Polygon","coordinates":[[[-58.556467,-34.550843],[-58.558421,-34.549264],[-58.560398,-34.550944],[-58.558432,-34.552516],[-58.556467,-34.550843]]]}},
{"type":"Feature","properties":{"FRAC":"48","RADIO":"09","hogares_nb":30.0,"hogares_si":369.0,"hogares_to":399.0,"porcentaje":7.518796992481203},"geometry":{"type":"Polygon","coordinates":[[[-58.569381,-34.553753],[-58.571413,-34.555536],[-58.57227,-34.556227],[-58.570363,-34.557791],[-58.569452,-34.557082],[-58.567729,-34.555575],[-58.569381,-34.553753]]]}},
{"type":"Feature","properties":{"FRAC":"18","RADIO":"06","hogares_nb":14.0,"hogares_si":458.0,"hogares_to":472.0,"porcentaje":2.9661016949152539},"geometry":{"type":"Polygon","coordinates":[[[-58.573821,-34.550164],[-58.574422,-34.550721],[-58.575593,-34.54977],[-58.57625,-34.550183],[-58.577195,-34.551032],[-58.576511,-34.551611],[-58.577295,-34.55216],[-58.575121,-34.553917],[-58.574117,-34.5533],[-58.572021,-34.551602],[-58.573821,-34.550164]]]}},
{"type":"Feature","properties":{"FRAC":"20","RADIO":"04","hogares_nb":4.0,"hogares_si":239.0,"hogares_to":243.0,"porcentaje":1.6460905349794239},"geometry":{"type":"Polygon","coordinates":[[[-58.55672,-34.560603],[-58.557817,-34.55979],[-58.559141,-34.558724],[-58.560532,-34.560211],[-58.559392,-34.561121],[-58.560436,-34.562004],[-58.559774,-34.562464],[-58.55672,-34.560603]]]}},
{"type":"Feature","properties":{"FRAC":"01","RADIO":"08","hogares_nb":34.0,"hogares_si":154.0,"hogares_to":188.0,"porcentaje":18.085106382978726},"geometry":{"type":"Polygon","coordinates":[[[-58.585012,-34.510728],[-58.58625,-34.50978],[-58.58537,-34.509181],[-58.586021,-34.508663],[-58.587202,-34.509535],[-58.586303,-34.510738],[-58.58575,-34.511296],[-58.585012,-34.510728]]]}},
{"type":"Feature","properties":{"FRAC":"34","RADIO":"02","hogares_nb":22.0,"hogares_si":413.0,"hogares_to":435.0,"porcentaje":5.0574712643678161},"geometry":{"type":"Polygon","coordinates":[[[-58.575808,-34.556285],[-58.576692,-34.557028],[-58.576808,-34.556943],[-58.5787,-34.558576],[-58.576868,-34.559952],[-58.576515,-34.559749],[-58.574931,-34.558465],[-58.573956,-34.559238],[-58.572687,-34.558178],[-58.574974,-34.556317],[-58.575349,-34.556621],[-58.575808,-34.556285]]]}},
{"type":"Feature","properties":{"FRAC":"35","RADIO":"06","hogares_nb":20.0,"hogares_si":343.0,"hogares_to":363.0,"porcentaje":5.5096418732782384},"geometry":{"type":"Polygon","coordinates":[[[-58.579986,-34.55988],[-58.580052,-34.559827],[-58.5787,-34.558576],[-58.577858,-34.557857],[-58.5785,-34.557382],[-58.579817,-34.55628],[-58.581517,-34.557783],[-58.580832,-34.558312],[-58.58142,-34.558795],[-58.580713,-34.559336],[-58.583442,-34.561774],[-58.58274,-34.562333],[-58.579986,-34.55988]]]}},
{"type":"Feature","properties":{"FRAC":"35","RADIO":"02","hogares_nb":9.0,"hogares_si":241.0,"hogares_to":250.0,"porcentaje":3.6},"geometry":{"type":"Polygon","coordinates":[[[-58.575459,-34.553635],[-58.576803,-34.552574],[-58.577635,-34.553327],[-58.579429,-34.554817],[-58.578103,-34.555892],[-58.575459,-34.553635]]]}},
{"type":"Feature","properties":{"FRAC":"31","RADIO":"01","hogares_nb":20.0,"hogares_si":390.0,"hogares_to":410.0,"porcentaje":4.8780487804878048},"geometry":{"type":"Polygon","coordinates":[[[-58.563004,-34.578033],[-58.564628,-34.576731],[-58.565433,-34.577475],[-58.569063,-34.580583],[-58.567504,-34.581871],[-58.563004,-34.578033]]]}},
{"type":"Feature","properties":{"FRAC":"28","RADIO":"01","hogares_nb":35.0,"hogares_si":161.0,"hogares_to":196.0,"porcentaje":17.857142857142858},"geometry":{"type":"Polygon","coordinates":[[[-58.554152,-34.581353],[-58.556398,-34.583262],[-58.551943,-34.586852],[-58.549267,-34.585297],[-58.549333,-34.585262],[-58.549247,-34.585207],[-58.554152,-34.581353]]]}},
{"type":"Feature","properties":{"FRAC":"38","RADIO":"03","hogares_nb":9.0,"hogares_si":435.0,"hogares_to":444.0,"porcentaje":2.0270270270270272},"geometry":{"type":"Polygon","coordinates":[[[-58.57078,-34.515606],[-58.574939,-34.512053],[-58.576877,-34.513624],[-58.572566,-34.517169],[-58.57078,-34.515606]]]}},
{"type":"Feature","properties":{"FRAC":"14","RADIO":"14","hogares_nb":67.0,"hogares_si":167.0,"hogares_to":234.0,"porcentaje":28.63247863247863},"geometry":{"type":"Polygon","coordinates":[[[-58.582602,-34.529521],[-58.582619,-34.52939],[-58.581849,-34.52884],[-58.582956,-34.526595],[-58.584544,-34.523024],[-58.585739,-34.519916],[-58.587422,-34.520446],[-58.587774,-34.520597],[-58.588409,-34.521505],[-58.588728,-34.521859],[-58.589426,-34.522297],[-58.588828,-34.524597],[-58.588621,-34.524887],[-58.587957,-34.525455],[-58.587255,-34.52598],[-58.586334,-34.526775],[-58.585085,-34.52772],[-58.5841,-34.528597],[-58.582748,-34.52967],[-58.582602,-34.529521]]]}},
{"type":"Feature","properties":{"FRAC":"19","RADIO":"06","hogares_nb":4.0,"hogares_si":251.0,"hogares_to":255.0,"porcentaje":1.5686274509803919},"geometry":{"type":"Polygon","coordinates":[[[-58.553186,-34.558307],[-58.553971,-34.558917],[-58.555781,-34.560048],[-58.553095,-34.562087],[-58.552361,-34.56003],[-58.550819,-34.561154],[-58.550174,-34.560665],[-58.553186,-34.558307]]]}},
{"type":"Feature","properties":{"FRAC":"39","RADIO":"07","hogares_nb":12.0,"hogares_si":263.0,"hogares_to":275.0,"porcentaje":4.3636363636363642},"geometry":{"type":"Polygon","coordinates":[[[-58.565716,-34.531829],[-58.566474,-34.531209],[-58.564868,-34.529806],[-58.566414,-34.528553],[-58.568691,-34.530499],[-58.566384,-34.532389],[-58.565716,-34.531829]]]}},
{"type":"Feature","properties":{"FRAC":"04","RADIO":"03","hogares_nb":7.0,"hogares_si":172.0,"hogares_to":179.0,"porcentaje":3.9106145251396649},"geometry":{"type":"Polygon","coordinates":[[[-58.555694,-34.53379],[-58.557604,-34.535556],[-58.556331,-34.536636],[-58.555655,-34.53606],[-58.554374,-34.537073],[-58.553021,-34.535921],[-58.554279,-34.534874],[-58.555694,-34.53379]]]}},
{"type":"Feature","properties":{"FRAC":"08","RADIO":"05","hogares_nb":22.0,"hogares_si":318.0,"hogares_to":340.0,"porcentaje":6.4705882352941186},"geometry":{"type":"Polygon","coordinates":[[[-58.521882,-34.564229],[-58.52472,-34.565907],[-58.523838,-34.56701],[-58.522107,-34.569024],[-58.519191,-34.567279],[-58.52004,-34.566269],[-58.521882,-34.564229]]]}},
{"type":"Feature","properties":{"FRAC":"42","RADIO":"09","hogares_nb":6.0,"hogares_si":265.0,"hogares_to":271.0,"porcentaje":2.214022140221402},"geometry":{"type":"Polygon","coordinates":[[[-58.527398,-34.574571],[-58.528472,-34.573692],[-58.527706,-34.57306],[-58.528228,-34.572616],[-58.531137,-34.574327],[-58.529027,-34.575939],[-58.527398,-34.574571]]]}},
{"type":"Feature","properties":{"FRAC":"32","RADIO":"04","hogares_nb":34.0,"hogares_si":421.0,"hogares_to":455.0,"porcentaje":7.4725274725274726},"geometry":{"type":"Polygon","coordinates":[[[-58.574438,-34.56891],[-58.577789,-34.571788],[-58.576154,-34.573076],[-58.572837,-34.570189],[-58.574438,-34.56891]]]}},
{"type":"Feature","properties":{"FRAC":"30","RADIO":"01","hogares_nb":12.0,"hogares_si":293.0,"hogares_to":305.0,"porcentaje":3.9344262295081971},"geometry":{"type":"Polygon","coordinates":[[[-58.558261,-34.567553],[-58.558857,-34.567248],[-58.559487,-34.567099],[-58.560971,-34.568247],[-58.56256,-34.569609],[-58.560959,-34.570861],[-58.56019,-34.571533],[-58.558608,-34.572795],[-58.55527,-34.569917],[-58.558261,-34.567553]]]}},
{"type":"Feature","properties":{"FRAC":"25","RADIO":"02","hogares_nb":10.0,"hogares_si":284.0,"hogares_to":294.0,"porcentaje":3.4013605442176869},"geometry":{"type":"Polygon","coordinates":[[[-58.522686,-34.591432],[-58.523343,-34.590655],[-58.523159,-34.590537],[-58.52414,-34.589462],[-58.529314,-34.592603],[-58.528207,-34.594815],[-58.522686,-34.591432]]]}},
{"type":"Feature","properties":{"FRAC":"19","RADIO":"03","hogares_nb":6.0,"hogares_si":337.0,"hogares_to":343.0,"porcentaje":1.749271137026239},"geometry":{"type":"Polygon","coordinates":[[[-58.554685,-34.552258],[-58.557662,-34.554796],[-58.554648,-34.557113],[-58.551717,-34.554609],[-58.554685,-34.552258]]]}},
{"type":"Feature","properties":{"FRAC":"38","RADIO":"01","hogares_nb":18.0,"hogares_si":384.0,"hogares_to":402.0,"porcentaje":4.4776119402985071},"geometry":{"type":"Polygon","coordinates":[[[-58.576233,-34.51781],[-58.579819,-34.514935],[-58.580518,-34.515511],[-58.580222,-34.515748],[-58.581296,-34.516612],[-58.577974,-34.519288],[-58.576233,-34.51781]]]}},
{"type":"Feature","properties":{"FRAC":"39","RADIO":"06","hogares_nb":17.0,"hogares_si":372.0,"hogares_to":389.0,"porcentaje":4.3701799485861184},"geometry":{"type":"Polygon","coordinates":[[[-58.563383,-34.52979],[-58.562623,-34.529247],[-58.560214,-34.52732],[-58.561742,-34.526028],[-58.565685,-34.529139],[-58.564056,-34.530426],[-58.563383,-34.52979]]]}},
{"type":"Feature","properties":{"FRAC":"30","RADIO":"04","hogares_nb":12.0,"hogares_si":286.0,"hogares_to":298.0,"porcentaje":4.0268456375838921},"geometry":{"type":"Polygon","coordinates":[[[-58.56019,-34.571533],[-58.562353,-34.573419],[-58.559978,-34.575302],[-58.557811,-34.573422],[-58.56019,-34.571533]]]}},
{"type":"Feature","properties":{"FRAC":"33","RADIO":"06","hogares_nb":9.0,"hogares_si":293.0,"hogares_to":302.0,"porcentaje":2.9801324503311259},"geometry":{"type":"Polygon","coordinates":[[[-58.567721,-34.569877],[-58.569491,-34.568506],[-58.571964,-34.570864],[-58.570351,-34.572161],[-58.567721,-34.569877]]]}},
{"type":"Feature","properties":{"FRAC":"34","RADIO":"01","hogares_nb":10.0,"hogares_si":282.0,"hogares_to":292.0,"porcentaje":3.4246575342465748},"geometry":{"type":"Polygon","coordinates":[[[-58.57227,-34.556227],[-58.575459,-34.553635],[-58.577211,-34.555153],[-58.575349,-34.556621],[-58.574974,-34.556317],[-58.572687,-34.558178],[-58.572018,-34.5576],[-58.572991,-34.556805],[-58.57227,-34.556227]]]}},
{"type":"Feature","properties":{"FRAC":"07","RADIO":"02","hogares_nb":10.0,"hogares_si":441.0,"hogares_to":451.0,"porcentaje":2.217294900221729},"geometry":{"type":"Polygon","coordinates":[[[-58.526644,-34.545011],[-58.529016,-34.549124],[-58.526953,-34.551629],[-58.524604,-34.55044],[-58.526644,-34.545011]]]}},
{"type":"Feature","properties":{"FRAC":"40","RADIO":"06","hogares_nb":77.0,"hogares_si":302.0,"hogares_to":379.0,"porcentaje":20.316622691292878},"geometry":{"type":"Polygon","coordinates":[[[-58.52459,-34.554422],[-58.527409,-34.55603],[-58.524244,-34.558187],[-58.523925,-34.557894],[-58.523021,-34.558972],[-58.519791,-34.557068],[-58.521115,-34.555266],[-58.52347,-34.555789],[-58.52459,-34.554422]]]}},
{"type":"Feature","properties":{"FRAC":"40","RADIO":"07","hogares_nb":6.0,"hogares_si":346.0,"hogares_to":352.0,"porcentaje":1.7045454545454539},"geometry":{"type":"Polygon","coordinates":[[[-58.521115,-34.555266],[-58.522458,-34.553517],[-58.524472,-34.554566],[-58.52347,-34.555789],[-58.521115,-34.555266]]]}},
{"type":"Feature","properties":{"FRAC":"35","RADIO":"05","hogares_nb":5.0,"hogares_si":258.0,"hogares_to":263.0,"porcentaje":1.901140684410646},"geometry":{"type":"Polygon","coordinates":[[[-58.584015,-34.554404],[-58.584986,-34.555231],[-58.584611,-34.555391],[-58.581517,-34.557783],[-58.579817,-34.55628],[-58.581806,-34.5547],[-58.582694,-34.555473],[-58.584015,-34.554404]]]}},
{"type":"Feature","properties":{"FRAC":"02","RADIO":"06","hogares_nb":14.0,"hogares_si":377.0,"hogares_to":391.0,"porcentaje":3.5805626598465472},"geometry":{"type":"Polygon","coordinates":[[[-58.574939,-34.512053],[-58.576349,-34.510828],[-58.580582,-34.514324],[-58.579126,-34.51549],[-58.574939,-34.512053]]]}},
{"type":"Feature","properties":{"FRAC":"24","RADIO":"06","hogares_nb":6.0,"hogares_si":190.0,"hogares_to":196.0,"porcentaje":3.0612244897959182},"geometry":{"type":"Polygon","coordinates":[[[-58.525149,-34.583422],[-58.526465,-34.584213],[-58.527484,-34.583028],[-58.528777,-34.583907],[-58.525826,-34.587247],[-58.523159,-34.585642],[-58.525149,-34.583422]]]}},
{"type":"Feature","properties":{"FRAC":"48","RADIO":"10","hogares_nb":20.0,"hogares_si":339.0,"hogares_to":359.0,"porcentaje":5.5710306406685239},"geometry":{"type":"Polygon","coordinates":[[[-58.567729,-34.555575],[-58.569452,-34.557082],[-58.570363,-34.557791],[-58.568408,-34.559359],[-58.565692,-34.557456],[-58.567729,-34.555575]]]}},
{"type":"Feature","properties":{"FRAC":"34","RADIO":"08","hogares_nb":3.0,"hogares_si":216.0,"hogares_to":219.0,"porcentaje":1.3698630136986301},"geometry":{"type":"Polygon","coordinates":[[[-58.56268,-34.563914],[-58.565099,-34.561986],[-58.566474,-34.563174],[-58.564077,-34.565084],[-58.56268,-34.563914]]]}},
{"type":"Feature","properties":{"FRAC":"34","RADIO":"03","hogares_nb":8.0,"hogares_si":178.0,"hogares_to":186.0,"porcentaje":4.3010752688172049},"geometry":{"type":"Polygon","coordinates":[[[-58.570994,-34.559573],[-58.572687,-34.558178],[-58.573956,-34.559238],[-58.574931,-34.558465],[-58.576515,-34.559749],[-58.576868,-34.559952],[-58.574916,-34.561479],[-58.575619,-34.563537],[-58.574443,-34.563797],[-58.573379,-34.562047],[-58.571992,-34.560826],[-58.572233,-34.560619],[-58.570994,-34.559573]]]}},
{"type":"Feature","properties":{"FRAC":"53","RADIO":"01","hogares_nb":33.0,"hogares_si":470.0,"hogares_to":503.0,"porcentaje":6.5606361829025852},"geometry":{"type":"Polygon","coordinates":[[[-58.58983,-34.552278],[-58.591716,-34.553854],[-58.592404,-34.5533],[-58.593224,-34.554006],[-58.590122,-34.556428],[-58.58747,-34.554117],[-58.58983,-34.552278]]]}},
{"type":"Feature","properties":{"FRAC":"54","RADIO":"11","hogares_nb":26.0,"hogares_si":240.0,"hogares_to":266.0,"porcentaje":9.7744360902255636},"geometry":{"type":"Polygon","coordinates":[[[-58.596974,-34.558436],[-58.599666,-34.556311],[-58.599423,-34.556083],[-58.600639,-34.556553],[-58.601704,-34.556894],[-58.600908,-34.557373],[-58.598198,-34.559487],[-58.596974,-34.558436]]]}},
{"type":"Feature","properties":{"FRAC":"33","RADIO":"02","hogares_nb":40.0,"hogares_si":192.0,"hogares_to":232.0,"porcentaje":17.241379310344829},"geometry":{"type":"Polygon","coordinates":[[[-58.573629,-34.563975],[-58.57635,-34.56337],[-58.576716,-34.56457],[-58.576986,-34.5648],[-58.576463,-34.565194],[-58.576366,-34.565141],[-58.575592,-34.565749],[-58.573629,-34.563975]]]}},
{"type":"Feature","properties":{"FRAC":"03","RADIO":"01","hogares_nb":30.0,"hogares_si":497.0,"hogares_to":527.0,"porcentaje":5.6925996204933584},"geometry":{"type":"Polygon","coordinates":[[[-58.567151,-34.521551],[-58.565444,-34.520227],[-58.568682,-34.517412],[-58.570882,-34.522778],[-58.569692,-34.523747],[-58.567151,-34.521551]]]}},
{"type":"Feature","properties":{"FRAC":"03","RADIO":"05","hogares_nb":17.0,"hogares_si":254.0,"hogares_to":271.0,"porcentaje":6.2730627306273057},"geometry":{"type":"Polygon","coordinates":[[[-58.563515,-34.52741],[-58.564995,-34.526184],[-58.565792,-34.525463],[-58.566847,-34.526324],[-58.5646,-34.52827],[-58.563515,-34.52741]]]}},
{"type":"Feature","properties":{"FRAC":"53","RADIO":"04","hogares_nb":13.0,"hogares_si":213.0,"hogares_to":226.0,"porcentaje":5.7522123893805306},"geometry":{"type":"Polygon","coordinates":[[[-58.591499,-34.557627],[-58.590122,-34.556428],[-58.592518,-34.554565],[-58.594116,-34.556033],[-58.595469,-34.557175],[-58.594763,-34.557744],[-58.591863,-34.558494],[-58.591499,-34.557627]]]}},
{"type":"Feature","properties":{"FRAC":"31","RADIO":"03","hogares_nb":10.0,"hogares_si":418.0,"hogares_to":428.0,"porcentaje":2.3364485981308412},"geometry":{"type":"Polygon","coordinates":[[[-58.561424,-34.579258],[-58.56397,-34.581442],[-58.561627,-34.583334],[-58.559059,-34.581177],[-58.561424,-34.579258]]]}},
{"type":"Feature","properties":{"FRAC":"28","RADIO":"04","hogares_nb":9.0,"hogares_si":303.0,"hogares_to":312.0,"porcentaje":2.884615384615385},"geometry":{"type":"Polygon","coordinates":[[[-58.556398,-34.583262],[-58.557534,-34.582421],[-58.559059,-34.581177],[-58.561627,-34.583334],[-58.559018,-34.585458],[-58.556398,-34.583262]]]}},
{"type":"Feature","properties":{"FRAC":"31","RADIO":"04","hogares_nb":14.0,"hogares_si":285.0,"hogares_to":299.0,"porcentaje":4.6822742474916383},"geometry":{"type":"Polygon","coordinates":[[[-58.562312,-34.582793],[-58.56432,-34.584511],[-58.562186,-34.586279],[-58.560123,-34.584551],[-58.562312,-34.582793]]]}},
{"type":"Feature","properties":{"FRAC":"01","RADIO":"03","hogares_nb":24.0,"hogares_si":257.0,"hogares_to":281.0,"porcentaje":8.5409252669039155},"geometry":{"type":"Polygon","coordinates":[[[-58.586794,-34.506599],[-58.586899,-34.506738],[-58.586111,-34.507446],[-58.585278,-34.508057],[-58.584534,-34.507497],[-58.583297,-34.508471],[-58.582805,-34.508942],[-58.580535,-34.507193],[-58.580869,-34.506903],[-58.584782,-34.506657],[-58.586794,-34.506599]]]}},
{"type":"Feature","properties":{"FRAC":"38","RADIO":"04","hogares_nb":7.0,"hogares_si":322.0,"hogares_to":329.0,"porcentaje":2.1276595744680851},"geometry":{"type":"Polygon","coordinates":[[[-58.57326,-34.516588],[-58.57547,-34.514801],[-58.576958,-34.516031],[-58.576228,-34.516622],[-58.576952,-34.517234],[-58.575476,-34.518417],[-58.57326,-34.516588]]]}},
{"type":"Feature","properties":{"FRAC":"36","RADIO":"08","hogares_nb":10.0,"hogares_si":164.0,"hogares_to":174.0,"porcentaje":5.7471264367816088},"geometry":{"type":"Polygon","coordinates":[[[-58.588808,-34.550143],[-58.591447,-34.548147],[-58.592112,-34.548705],[-58.593157,-34.549724],[-58.590546,-34.551723],[-58.588808,-34.550143]]]}},
{"type":"Feature","properties":{"FRAC":"52","RADIO":"01","hogares_nb":25.0,"hogares_si":456.0,"hogares_to":481.0,"porcentaje":5.1975051975051976},"geometry":{"type":"Polygon","coordinates":[[[-58.568705,-34.573476],[-58.571169,-34.571513],[-58.574508,-34.5744],[-58.572056,-34.576354],[-58.568705,-34.573476]]]}},
{"type":"Feature","properties":{"FRAC":"07","RADIO":"06","hogares_nb":9.0,"hogares_si":236.0,"hogares_to":245.0,"porcentaje":3.673469387755103},"geometry":{"type":"Polygon","coordinates":[[[-58.532467,-34.555235],[-58.530728,-34.552134],[-58.533422,-34.5511],[-58.534939,-34.553692],[-58.532649,-34.555399],[-58.532467,-34.555235]]]}},
{"type":"Feature","properties":{"FRAC":"46","RADIO":"04","hogares_nb":10.0,"hogares_si":322.0,"hogares_to":332.0,"porcentaje":3.012048192771084},"geometry":{"type":"Polygon","coordinates":[[[-58.578629,-34.53897],[-58.57797,-34.537152],[-58.579429,-34.536507],[-58.580463,-34.538205],[-58.582574,-34.54277],[-58.580599,-34.543397],[-58.578629,-34.53897]]]}},
{"type":"Feature","properties":{"FRAC":"38","RADIO":"02","hogares_nb":11.0,"hogares_si":254.0,"hogares_to":265.0,"porcentaje":4.1509433962264151},"geometry":{"type":"Polygon","coordinates":[[[-58.576228,-34.516622],[-58.576958,-34.516031],[-58.57547,-34.514801],[-58.576877,-34.513624],[-58.579126,-34.51549],[-58.576952,-34.517234],[-58.576228,-34.516622]]]}},
{"type":"Feature","properties":{"FRAC":"01","RADIO":"07","hogares_nb":17.0,"hogares_si":135.0,"hogares_to":152.0,"porcentaje":11.184210526315789},"geometry":{"type":"Polygon","coordinates":[[[-58.584254,-34.510134],[-58.584371,-34.51011],[-58.584725,-34.509831],[-58.584943,-34.509719],[-58.58537,-34.509181],[-58.58625,-34.50978],[-58.585012,-34.510728],[-58.584254,-34.510134]]]}},
{"type":"Feature","properties":{"FRAC":"24","RADIO":"05","hogares_nb":22.0,"hogares_si":240.0,"hogares_to":262.0,"porcentaje":8.3969465648854964},"geometry":{"type":"Polygon","coordinates":[[[-58.525826,-34.587247],[-58.527779,-34.585043],[-58.528996,-34.586173],[-58.529786,-34.586822],[-58.532245,-34.588293],[-58.530632,-34.590158],[-58.525826,-34.587247]]]}},
{"type":"Feature","properties":{"FRAC":"29","RADIO":"04","hogares_nb":12.0,"hogares_si":414.0,"hogares_to":426.0,"porcentaje":2.816901408450704},"geometry":{"type":"Polygon","coordinates":[[[-58.545703,-34.577792],[-58.547809,-34.576045],[-58.551102,-34.578784],[-58.548936,-34.580525],[-58.545703,-34.577792]]]}},
{"type":"Feature","properties":{"FRAC":"29","RADIO":"02","hogares_nb":11.0,"hogares_si":295.0,"hogares_to":306.0,"porcentaje":3.594771241830065},"geometry":{"type":"Polygon","coordinates":[[[-58.542301,-34.576666],[-58.543373,-34.575826],[-58.545703,-34.577792],[-58.544686,-34.578645],[-58.542301,-34.576666]]]}},
{"type":"Feature","properties":{"FRAC":"23","RADIO":"01","hogares_nb":12.0,"hogares_si":210.0,"hogares_to":222.0,"porcentaje":5.4054054054054053},"geometry":{"type":"Polygon","coordinates":[[[-58.533155,-34.572438],[-58.534789,-34.573794],[-58.533738,-34.574647],[-58.532868,-34.573925],[-58.531818,-34.574786],[-58.530917,-34.574207],[-58.533155,-34.572438]]]}},
{"type":"Feature","properties":{"FRAC":"02","RADIO":"05","hogares_nb":30.0,"hogares_si":452.0,"hogares_to":482.0,"porcentaje":6.2240663900414939},"geometry":{"type":"Polygon","coordinates":[[[-58.576349,-34.510828],[-58.577736,-34.509624],[-58.581243,-34.512482],[-58.582102,-34.513105],[-58.581237,-34.513674],[-58.580582,-34.514324],[-58.576349,-34.510828]]]}},
{"type":"Feature","properties":{"FRAC":"38","RADIO":"05","hogares_nb":7.0,"hogares_si":266.0,"hogares_to":273.0,"porcentaje":2.5641025641025639},"geometry":{"type":"Polygon","coordinates":[[[-58.576233,-34.51781],[-58.577974,-34.519288],[-58.577212,-34.519902],[-58.577008,-34.51993],[-58.57663,-34.520371],[-58.575909,-34.520808],[-58.57391,-34.519354],[-58.57462,-34.518849],[-58.574774,-34.51898],[-58.576233,-34.51781]]]}},
{"type":"Feature","properties":{"FRAC":"14","RADIO":"02","hogares_nb":5.0,"hogares_si":327.0,"hogares_to":332.0,"porcentaje":1.506024096385542},"geometry":{"type":"Polygon","coordinates":[[[-58.573071,-34.526953],[-58.575449,-34.525083],[-58.577762,-34.527075],[-58.575712,-34.528734],[-58.575439,-34.528519],[-58.574141,-34.529009],[-58.573071,-34.526953]]]}},
{"type":"Feature","properties":{"FRAC":"02","RADIO":"04","hogares_nb":26.0,"hogares_si":377.0,"hogares_to":403.0,"porcentaje":6.4516129032258061},"geometry":{"type":"Polygon","coordinates":[[[-58.577736,-34.509624],[-58.579167,-34.508381],[-58.58024,-34.509315],[-58.582083,-34.510729],[-58.582724,-34.511326],[-58.58353,-34.51196],[-58.582102,-34.513105],[-58.581243,-34.512482],[-58.577736,-34.509624]]]}},
{"type":"Feature","properties":{"FRAC":"14","RADIO":"01","hogares_nb":21.0,"hogares_si":372.0,"hogares_to":393.0,"porcentaje":5.343511450381679},"geometry":{"type":"Polygon","coordinates":[[[-58.581231,-34.518905],[-58.581734,-34.518873],[-58.582417,-34.518912],[-58.582702,-34.518989],[-58.581793,-34.519765],[-58.581449,-34.520177],[-58.57959,-34.521698],[-58.576881,-34.523623],[-58.577035,-34.523755],[-58.575449,-34.525083],[-58.573071,-34.526953],[-58.571553,-34.524378],[-58.575909,-34.520808],[-58.57663,-34.520371],[-58.577008,-34.51993],[-58.577148,-34.520023],[-58.581231,-34.518905]]]}},
{"type":"Feature","properties":{"FRAC":"53","RADIO":"08","hogares_nb":7.0,"hogares_si":163.0,"hogares_to":170.0,"porcentaje":4.117647058823529},"geometry":{"type":"Polygon","coordinates":[[[-58.587526,-34.562392],[-58.587636,-34.562234],[-58.587793,-34.562116],[-58.588085,-34.562041],[-58.588435,-34.562096],[-58.588532,-34.56216],[-58.588672,-34.562306],[-58.588723,-34.562514],[-58.592196,-34.562618],[-58.592234,-34.563866],[-58.593316,-34.566668],[-58.590545,-34.568861],[-58.588298,-34.563012],[-58.587984,-34.563019],[-58.587747,-34.562927],[-58.587569,-34.562706],[-58.587526,-34.562392]]]}},
{"type":"Feature","properties":{"FRAC":"27","RADIO":"04","hogares_nb":18.0,"hogares_si":447.0,"hogares_to":465.0,"porcentaje":3.870967741935484},"geometry":{"type":"Polygon","coordinates":[[[-58.547323,-34.590502],[-58.549224,-34.589001],[-58.551958,-34.590999],[-58.552158,-34.590776],[-58.552245,-34.590786],[-58.55269,-34.592909],[-58.551349,-34.593108],[-58.547323,-34.590502]]]}},
{"type":"Feature","properties":{"FRAC":"39","RADIO":"01","hogares_nb":8.0,"hogares_si":258.0,"hogares_to":266.0,"porcentaje":3.007518796992481},"geometry":{"type":"Polygon","coordinates":[[[-58.55789,-34.526712],[-58.561666,-34.523467],[-58.563262,-34.524693],[-58.562565,-34.525363],[-58.559474,-34.527954],[-58.55789,-34.526712]]]}},
{"type":"Feature","properties":{"FRAC":"23","RADIO":"06","hogares_nb":35.0,"hogares_si":448.0,"hogares_to":483.0,"porcentaje":7.2463768115942031},"geometry":{"type":"Polygon","coordinates":[[[-58.53554,-34.574434],[-58.53786,-34.576373],[-58.535759,-34.578087],[-58.534224,-34.57678],[-58.533163,-34.577633],[-58.5324,-34.577001],[-58.53554,-34.574434]]]}},
{"type":"Feature","properties":{"FRAC":"08","RADIO":"03","hogares_nb":60.0,"hogares_si":215.0,"hogares_to":275.0,"porcentaje":21.818181818181817},"geometry":{"type":"Polygon","coordinates":[[[-58.516623,-34.561243],[-58.517425,-34.560191],[-58.520418,-34.561985],[-58.519562,-34.562966],[-58.516623,-34.561243]]]}},
{"type":"Feature","properties":{"FRAC":"08","RADIO":"07","hogares_nb":16.0,"hogares_si":227.0,"hogares_to":243.0,"porcentaje":6.5843621399176957},"geometry":{"type":"Polygon","coordinates":[[[-58.514243,-34.564376],[-58.516623,-34.561243],[-58.519562,-34.562966],[-58.516907,-34.565936],[-58.514243,-34.564376]]]}},
{"type":"Feature","properties":{"FRAC":"04","RADIO":"06","hogares_nb":14.0,"hogares_si":232.0,"hogares_to":246.0,"porcentaje":5.6910569105691051},"geometry":{"type":"Polygon","coordinates":[[[-58.55379,-34.530149],[-58.554293,-34.530663],[-58.555508,-34.531655],[-58.554399,-34.532567],[-58.553775,-34.531991],[-58.552256,-34.533197],[-58.551271,-34.53235],[-58.55379,-34.530149]]]}},
{"type":"Feature","properties":{"FRAC":"07","RADIO":"08","hogares_nb":21.0,"hogares_si":389.0,"hogares_to":410.0,"porcentaje":5.1219512195121952},"geometry":{"type":"Polygon","coordinates":[[[-58.53538,-34.553383],[-58.537521,-34.551695],[-58.540009,-34.553802],[-58.539057,-34.554674],[-58.537877,-34.555498],[-58.536169,-34.554099],[-58.53538,-34.553383]]]}},
{"type":"Feature","properties":{"FRAC":"21","RADIO":"01","hogares_nb":7.0,"hogares_si":375.0,"hogares_to":382.0,"porcentaje":1.832460732984293},"geometry":{"type":"Polygon","coordinates":[[[-58.546325,-34.564246],[-58.54842,-34.562546],[-58.550192,-34.564046],[-58.550589,-34.56502],[-58.549933,-34.565573],[-58.548878,-34.566359],[-58.546325,-34.564246]]]}},
{"type":"Feature","properties":{"FRAC":"51","RADIO":"03","hogares_nb":5.0,"hogares_si":205.0,"hogares_to":210.0,"porcentaje":2.3809523809523809},"geometry":{"type":"Polygon","coordinates":[[[-58.538874,-34.580712],[-58.540974,-34.579006],[-58.542575,-34.580323],[-58.540436,-34.582046],[-58.538874,-34.580712]]]}},
{"type":"Feature","properties":{"FRAC":"30","RADIO":"09","hogares_nb":12.0,"hogares_si":282.0,"hogares_to":294.0,"porcentaje":4.0816326530612246},"geometry":{"type":"Polygon","coordinates":[[[-58.551102,-34.578784],[-58.554434,-34.576088],[-58.557522,-34.57868],[-58.556053,-34.579852],[-58.555183,-34.579112],[-58.553314,-34.580632],[-58.551102,-34.578784]]]}},
{"type":"Feature","properties":{"FRAC":"14","RADIO":"12","hogares_nb":11.0,"hogares_si":317.0,"hogares_to":328.0,"porcentaje":3.3536585365853662},"geometry":{"type":"Polygon","coordinates":[[[-58.576516,-34.529398],[-58.575712,-34.528734],[-58.577762,-34.527075],[-58.578515,-34.527737],[-58.579509,-34.528305],[-58.580581,-34.52873],[-58.579688,-34.530083],[-58.579213,-34.53092],[-58.578545,-34.530466],[-58.578155,-34.530129],[-58.578046,-34.53017],[-58.57786,-34.530113],[-58.577314,-34.530412],[-58.576516,-34.529398]]]}},
{"type":"Feature","properties":{"FRAC":"45","RADIO":"05","hogares_nb":47.0,"hogares_si":447.0,"hogares_to":494.0,"porcentaje":9.5141700404858298},"geometry":{"type":"Polygon","coordinates":[[[-58.591882,-34.537692],[-58.592891,-34.536997],[-58.594685,-34.535554],[-58.595654,-34.534861],[-58.596168,-34.534312],[-58.595737,-34.533421],[-58.596168,-34.533087],[-58.597606,-34.535596],[-58.596179,-34.536849],[-58.593473,-34.539036],[-58.591882,-34.537692]]]}},
{"type":"Feature","properties":{"FRAC":"43","RADIO":"07","hogares_nb":9.0,"hogares_si":359.0,"hogares_to":368.0,"porcentaje":2.445652173913043},"geometry":{"type":"Polygon","coordinates":[[[-58.530541,-34.563929],[-58.533028,-34.562065],[-58.53479,-34.563465],[-58.532276,-34.56549],[-58.530541,-34.563929]]]}},
{"type":"Feature","properties":{"FRAC":"38","RADIO":"07","hogares_nb":12.0,"hogares_si":282.0,"hogares_to":294.0,"porcentaje":4.0816326530612246},"geometry":{"type":"Polygon","coordinates":[[[-58.57391,-34.519354],[-58.575909,-34.520808],[-58.571553,-34.524378],[-58.570576,-34.522042],[-58.572243,-34.520743],[-58.57391,-34.519354]]]}},
{"type":"Feature","properties":{"FRAC":"03","RADIO":"03","hogares_nb":8.0,"hogares_si":276.0,"hogares_to":284.0,"porcentaje":2.816901408450704},"geometry":{"type":"Polygon","coordinates":[[[-58.561666,-34.523467],[-58.564721,-34.520848],[-58.56563,-34.521576],[-58.564944,-34.522163],[-58.565653,-34.522766],[-58.564051,-34.524019],[-58.563262,-34.524693],[-58.561666,-34.523467]]]}},
{"type":"Feature","properties":{"FRAC":"07","RADIO":"05","hogares_nb":21.0,"hogares_si":265.0,"hogares_to":286.0,"porcentaje":7.3426573426573416},"geometry":{"type":"Polygon","coordinates":[[[-58.534913,-34.553678],[-58.533422,-34.5511],[-58.536175,-34.550023],[-58.537281,-34.550808],[-58.538104,-34.551322],[-58.537521,-34.551695],[-58.53538,-34.553383],[-58.534913,-34.553678]]]}},
{"type":"Feature","properties":{"FRAC":"42","RADIO":"06","hogares_nb":3.0,"hogares_si":261.0,"hogares_to":264.0,"porcentaje":1.136363636363636},"geometry":{"type":"Polygon","coordinates":[[[-58.525776,-34.573226],[-58.524968,-34.57273],[-58.526157,-34.571374],[-58.528228,-34.572616],[-58.527706,-34.57306],[-58.528472,-34.573692],[-58.527398,-34.574571],[-58.525776,-34.573226]]]}},
{"type":"Feature","properties":{"FRAC":"11","RADIO":"09","hogares_nb":9.0,"hogares_si":372.0,"hogares_to":381.0,"porcentaje":2.3622047244094491},"geometry":{"type":"Polygon","coordinates":[[[-58.549288,-34.547693],[-58.55106,-34.549166],[-58.549595,-34.550068],[-58.548186,-34.550285],[-58.54808,-34.550131],[-58.547481,-34.550106],[-58.5474,-34.550375],[-58.545841,-34.550483],[-58.549288,-34.547693]]]}},
{"type":"Feature","properties":{"FRAC":"52","RADIO":"04","hogares_nb":22.0,"hogares_si":405.0,"hogares_to":427.0,"porcentaje":5.1522248243559723},"geometry":{"type":"Polygon","coordinates":[[[-58.570465,-34.577634],[-58.572642,-34.579542],[-58.570158,-34.581506],[-58.567957,-34.579614],[-58.570465,-34.577634]]]}},
{"type":"Feature","properties":{"FRAC":"32","RADIO":"08","hogares_nb":19.0,"hogares_si":252.0,"hogares_to":271.0,"porcentaje":7.0110701107011062},"geometry":{"type":"Polygon","coordinates":[[[-58.578607,-34.571122],[-58.580275,-34.569798],[-58.582487,-34.571717],[-58.58083,-34.573041],[-58.578607,-34.571122]]]}},
{"type":"Feature","properties":{"FRAC":"12","RADIO":"09","hogares_nb":2.0,"hogares_si":352.0,"hogares_to":354.0,"porcentaje":0.56497175141242895},"geometry":{"type":"Polygon","coordinates":[[[-58.553144,-34.544575],[-58.554046,-34.545298],[-58.55018,-34.548416],[-58.549288,-34.547693],[-58.550614,-34.546628],[-58.553144,-34.544575]]]}},
{"type":"Feature","properties":{"FRAC":"20","RADIO":"01","hogares_nb":9.0,"hogares_si":432.0,"hogares_to":441.0,"porcentaje":2.0408163265306118},"geometry":{"type":"Polygon","coordinates":[[[-58.565305,-34.555162],[-58.566156,-34.555839],[-58.566818,-34.556437],[-58.565692,-34.557456],[-58.562732,-34.559761],[-58.56135,-34.558243],[-58.563304,-34.556774],[-58.565305,-34.555162]]]}},
{"type":"Feature","properties":{"FRAC":"01","RADIO":"10","hogares_nb":64.0,"hogares_si":256.0,"hogares_to":320.0,"porcentaje":20.0},"geometry":{"type":"Polygon","coordinates":[[[-58.585986,-34.506296],[-58.591943,-34.505883],[-58.590095,-34.510088],[-58.590031,-34.50939],[-58.589355,-34.510229],[-58.588771,-34.509774],[-58.588124,-34.510264],[-58.587202,-34.509535],[-58.588545,-34.507983],[-58.587697,-34.507436],[-58.587751,-34.507304],[-58.586899,-34.506738],[-58.586794,-34.506599],[-58.585577,-34.506657],[-58.585986,-34.506296]]]}},
{"type":"Feature","properties":{"FRAC":"25","RADIO":"06","hogares_nb":6.0,"hogares_si":338.0,"hogares_to":344.0,"porcentaje":1.7441860465116279},"geometry":{"type":"Polygon","coordinates":[[[-58.532083,-34.594993],[-58.529032,-34.593158],[-58.529314,-34.592603],[-58.531085,-34.592299],[-58.531181,-34.5924],[-58.53087,-34.592738],[-58.533857,-34.594559],[-58.533982,-34.595249],[-58.53412,-34.59547],[-58.534413,-34.595671],[-58.532036,-34.596037],[-58.532083,-34.594993]]]}},
{"type":"Feature","properties":{"FRAC":"26","RADIO":"01","hogares_nb":12.0,"hogares_si":361.0,"hogares_to":373.0,"porcentaje":3.2171581769437001},"geometry":{"type":"Polygon","coordinates":[[[-58.536789,-34.584272],[-58.540368,-34.587299],[-58.538249,-34.589014],[-58.536856,-34.58817],[-58.536278,-34.588811],[-58.533523,-34.587117],[-58.53502,-34.585856],[-58.536789,-34.584272]]]}},
{"type":"Feature","properties":{"FRAC":"21","RADIO":"02","hogares_nb":2.0,"hogares_si":327.0,"hogares_to":329.0,"porcentaje":0.60790273556231},"geometry":{"type":"Polygon","coordinates":[[[-58.548104,-34.560668],[-58.549317,-34.561701],[-58.550192,-34.564046],[-58.54842,-34.562546],[-58.546325,-34.564246],[-58.54501,-34.563155],[-58.548104,-34.560668]]]}},
{"type":"Feature","properties":{"FRAC":"49","RADIO":"06","hogares_nb":3.0,"hogares_si":357.0,"hogares_to":360.0,"porcentaje":0.83333333333333304},"geometry":{"type":"Polygon","coordinates":[[[-58.546146,-34.5711],[-58.548245,-34.569476],[-58.550425,-34.571331],[-58.54838,-34.572992],[-58.546146,-34.5711]]]}},
{"type":"Feature","properties":{"FRAC":"31","RADIO":"06","hogares_nb":5.0,"hogares_si":234.0,"hogares_to":239.0,"porcentaje":2.0920502092050208},"geometry":{"type":"Polygon","coordinates":[[[-58.566752,-34.582493],[-58.569063,-34.580583],[-58.570158,-34.581506],[-58.571019,-34.582305],[-58.569422,-34.583541],[-58.5686,-34.582792],[-58.567819,-34.583408],[-58.566752,-34.582493]]]}},
{"type":"Feature","properties":{"FRAC":"21","RADIO":"06","hogares_nb":3.0,"hogares_si":237.0,"hogares_to":240.0,"porcentaje":1.25},"geometry":{"type":"Polygon","coordinates":[[[-58.542968,-34.568421],[-58.545091,-34.566644],[-58.546701,-34.568033],[-58.544514,-34.569729],[-58.542968,-34.568421]]]}},
{"type":"Feature","properties":{"FRAC":"29","RADIO":"01","hogares_nb":9.0,"hogares_si":391.0,"hogares_to":400.0,"porcentaje":2.25},"geometry":{"type":"Polygon","coordinates":[[[-58.545506,-34.574067],[-58.547809,-34.576045],[-58.545703,-34.577792],[-58.543373,-34.575826],[-58.545506,-34.574067]]]}},
{"type":"Feature","properties":{"FRAC":"35","RADIO":"01","hogares_nb":10.0,"hogares_si":445.0,"hogares_to":455.0,"porcentaje":2.197802197802198},"geometry":{"type":"Polygon","coordinates":[[[-58.582467,-34.547945],[-58.583516,-34.550684],[-58.583789,-34.551286],[-58.579429,-34.554817],[-58.577635,-34.553327],[-58.576803,-34.552574],[-58.582467,-34.547945]]]}},
{"type":"Feature","properties":{"FRAC":"52","RADIO":"09","hogares_nb":14.0,"hogares_si":321.0,"hogares_to":335.0,"porcentaje":4.1791044776119408},"geometry":{"type":"Polygon","coordinates":[[[-58.571292,-34.582521],[-58.570158,-34.581506],[-58.572642,-34.579542],[-58.574714,-34.581341],[-58.572243,-34.583252],[-58.571292,-34.582521]]]}},
{"type":"Feature","properties":{"FRAC":"52","RADIO":"06","hogares_nb":14.0,"hogares_si":260.0,"hogares_to":274.0,"porcentaje":5.1094890510948909},"geometry":{"type":"Polygon","coordinates":[[[-58.574508,-34.5744],[-58.57672,-34.57631],[-58.574279,-34.578255],[-58.572056,-34.576354],[-58.574508,-34.5744]]]}},
{"type":"Feature","properties":{"FRAC":"46","RADIO":"02","hogares_nb":4.0,"hogares_si":245.0,"hogares_to":249.0,"porcentaje":1.606425702811245},"geometry":{"type":"Polygon","coordinates":[[[-58.585592,-34.537952],[-58.586324,-34.539655],[-58.581808,-34.541081],[-58.581021,-34.539367],[-58.585592,-34.537952]]]}},
{"type":"Feature","properties":{"FRAC":"35","RADIO":"11","hogares_nb":37.0,"hogares_si":395.0,"hogares_to":432.0,"porcentaje":8.5648148148148149},"geometry":{"type":"Polygon","coordinates":[[[-58.582671,-34.561113],[-58.583687,-34.560271],[-58.582814,-34.55939],[-58.58434,-34.558148],[-58.586304,-34.55753],[-58.586868,-34.55899],[-58.58606,-34.559691],[-58.583442,-34.561774],[-58.582671,-34.561113]]]}},
{"type":"Feature","properties":{"FRAC":"14","RADIO":"06","hogares_nb":50.0,"hogares_si":348.0,"hogares_to":398.0,"porcentaje":12.562814070351758},"geometry":{"type":"Polygon","coordinates":[[[-58.580833,-34.523336],[-58.58062,-34.523085],[-58.580102,-34.522649],[-58.580291,-34.522486],[-58.57959,-34.521698],[-58.581449,-34.520177],[-58.581793,-34.519765],[-58.582592,-34.520694],[-58.581872,-34.521243],[-58.582503,-34.521925],[-58.582614,-34.522135],[-58.580938,-34.523352],[-58.580833,-34.523336]]]}},
{"type":"Feature","properties":{"FRAC":"43","RADIO":"03","hogares_nb":3.0,"hogares_si":324.0,"hogares_to":327.0,"porcentaje":0.91743119266055095},"geometry":{"type":"Polygon","coordinates":[[[-58.532961,-34.555656],[-58.53789,-34.559717],[-58.537304,-34.560223],[-58.532362,-34.556152],[-58.532961,-34.555656]]]}},
{"type":"Feature","properties":{"FRAC":"43","RADIO":"09","hogares_nb":3.0,"hogares_si":216.0,"hogares_to":219.0,"porcentaje":1.3698630136986301},"geometry":{"type":"Polygon","coordinates":[[[-58.536519,-34.564567],[-58.538626,-34.5659],[-58.536179,-34.56907],[-58.534485,-34.567508],[-58.53716,-34.565314],[-58.536221,-34.564834],[-58.536519,-34.564567]]]}},
{"type":"Feature","properties":{"FRAC":"43","RADIO":"01","hogares_nb":15.0,"hogares_si":120.0,"hogares_to":135.0,"porcentaje":11.111111111111111},"geometry":{"type":"Polygon","coordinates":[[[-58.529782,-34.553841],[-58.529969,-34.553555],[-58.53021,-34.553495],[-58.530433,-34.553209],[-58.530608,-34.553139],[-58.531294,-34.553166],[-58.532467,-34.555235],[-58.532649,-34.555399],[-58.531858,-34.555984],[-58.526119,-34.559915],[-58.524244,-34.558187],[-58.528269,-34.555437],[-58.528721,-34.555086],[-58.529782,-34.553841]]]}},
{"type":"Feature","properties":{"FRAC":"05","RADIO":"10","hogares_nb":17.0,"hogares_si":423.0,"hogares_to":440.0,"porcentaje":3.8636363636363629},"geometry":{"type":"Polygon","coordinates":[[[-58.542736,-34.544253],[-58.544732,-34.545963],[-58.541729,-34.548375],[-58.539952,-34.546473],[-58.542736,-34.544253]]]}},
{"type":"Feature","properties":{"FRAC":"48","RADIO":"06","hogares_nb":2.0,"hogares_si":234.0,"hogares_to":236.0,"porcentaje":0.84745762711864403},"geometry":{"type":"Polygon","coordinates":[[[-58.563042,-34.553223],[-58.564973,-34.551668],[-58.56654,-34.552963],[-58.565546,-34.553735],[-58.566341,-34.554403],[-58.565305,-34.555162],[-58.563042,-34.553223]]]}},
{"type":"Feature","properties":{"FRAC":"19","RADIO":"04","hogares_nb":6.0,"hogares_si":349.0,"hogares_to":355.0,"porcentaje":1.6901408450704221},"geometry":{"type":"Polygon","coordinates":[[[-58.551672,-34.554689],[-58.551717,-34.554609],[-58.554648,-34.557113],[-58.551682,-34.559465],[-58.54868,-34.556997],[-58.551672,-34.554689]]]}},
{"type":"Feature","properties":{"FRAC":"20","RADIO":"06","hogares_nb":27.0,"hogares_si":418.0,"hogares_to":445.0,"porcentaje":6.0674157303370784},"geometry":{"type":"Polygon","coordinates":[[[-58.550589,-34.56502],[-58.552031,-34.56454],[-58.555476,-34.562638],[-58.555789,-34.563424],[-58.55638,-34.564402],[-58.557708,-34.563665],[-58.560319,-34.565824],[-58.559135,-34.566775],[-58.557962,-34.567801],[-58.553664,-34.571182],[-58.552701,-34.569519],[-58.551362,-34.567057],[-58.551071,-34.566424],[-58.550883,-34.565705],[-58.550589,-34.56502]]]}},
{"type":"Feature","properties":{"FRAC":"50","RADIO":"07","hogares_nb":5.0,"hogares_si":235.0,"hogares_to":240.0,"porcentaje":2.083333333333333},"geometry":{"type":"Polygon","coordinates":[[[-58.539704,-34.576215],[-58.540754,-34.575362],[-58.542301,-34.576666],[-58.541231,-34.577496],[-58.539704,-34.576215]]]}},
{"type":"Feature","properties":{"FRAC":"30","RADIO":"03","hogares_nb":11.0,"hogares_si":418.0,"hogares_to":429.0,"porcentaje":2.5641025641025639},"geometry":{"type":"Polygon","coordinates":[[[-58.563171,-34.57278],[-58.566253,-34.575412],[-58.559777,-34.580609],[-58.556641,-34.577949],[-58.563171,-34.57278]]]}},
{"type":"Feature","properties":{"FRAC":"33","RADIO":"09","hogares_nb":6.0,"hogares_si":384.0,"hogares_to":390.0,"porcentaje":1.538461538461539},"geometry":{"type":"Polygon","coordinates":[[[-58.566452,-34.565566],[-58.567875,-34.566882],[-58.564435,-34.569613],[-58.563783,-34.568848],[-58.564401,-34.568369],[-58.562165,-34.566502],[-58.566452,-34.565566]]]}},
{"type":"Feature","properties":{"FRAC":"35","RADIO":"14","hogares_nb":15.0,"hogares_si":195.0,"hogares_to":210.0,"porcentaje":7.1428571428571423},"geometry":{"type":"Polygon","coordinates":[[[-58.576868,-34.559952],[-58.578606,-34.56102],[-58.580349,-34.562603],[-58.579132,-34.562779],[-58.575619,-34.563537],[-58.574916,-34.561479],[-58.576868,-34.559952]]]}},
{"type":"Feature","properties":{"FRAC":"03","RADIO":"02","hogares_nb":9.0,"hogares_si":265.0,"hogares_to":274.0,"porcentaje":3.284671532846716},"geometry":{"type":"Polygon","coordinates":[[[-58.564944,-34.522163],[-58.56563,-34.521576],[-58.564721,-34.520848],[-58.565444,-34.520227],[-58.567151,-34.521551],[-58.568582,-34.522774],[-58.567096,-34.523945],[-58.564944,-34.522163]]]}},
{"type":"Feature","properties":{"FRAC":"01","RADIO":"11","hogares_nb":6.0,"hogares_si":5.0,"hogares_to":11.0,"porcentaje":54.54545454545454},"geometry":{"type":"Polygon","coordinates":[[[-58.588728,-34.521859],[-58.588409,-34.521505],[-58.587774,-34.520597],[-58.587422,-34.520446],[-58.585739,-34.519916],[-58.591943,-34.505883],[-58.601229,-34.505237],[-58.601341,-34.505435],[-58.601649,-34.506816],[-58.602073,-34.508337],[-58.602872,-34.512229],[-58.602548,-34.513775],[-58.599304,-34.516232],[-58.596033,-34.518898],[-58.595892,-34.51959],[-58.595619,-34.519891],[-58.595065,-34.520411],[-58.593375,-34.521738],[-58.593026,-34.521821],[-58.59248,-34.521831],[-58.591873,-34.521931],[-58.591458,-34.522126],[-58.591016,-34.522204],[-58.589426,-34.522297],[-58.588728,-34.521859]]]}},
{"type":"Feature","properties":{"FRAC":"44","RADIO":"01","hogares_nb":7.0,"hogares_si":425.0,"hogares_to":432.0,"porcentaje":1.62037037037037},"geometry":{"type":"Polygon","coordinates":[[[-58.558874,-34.534528],[-58.562803,-34.531458],[-58.565094,-34.533414],[-58.561232,-34.536527],[-58.558874,-34.534528]]]}},
{"type":"Feature","properties":{"FRAC":"44","RADIO":"08","hogares_nb":3.0,"hogares_si":421.0,"hogares_to":424.0,"porcentaje":0.70754716981132104},"geometry":{"type":"Polygon","coordinates":[[[-58.562214,-34.541609],[-58.564716,-34.543748],[-58.56484,-34.544128],[-58.561338,-34.546935],[-58.560882,-34.546844],[-58.558359,-34.544727],[-58.562214,-34.541609]]]}},
{"type":"Feature","properties":{"FRAC":"10","RADIO":"05","hogares_nb":6.0,"hogares_si":389.0,"hogares_to":395.0,"porcentaje":1.518987341772152},"geometry":{"type":"Polygon","coordinates":[[[-58.547359,-34.552141],[-58.549131,-34.553622],[-58.546689,-34.555549],[-58.545193,-34.556406],[-58.543551,-34.554971],[-58.545016,-34.55406],[-58.547359,-34.552141]]]}},
{"type":"Feature","properties":{"FRAC":"35","RADIO":"04","hogares_nb":17.0,"hogares_si":294.0,"hogares_to":311.0,"porcentaje":5.4662379421221869},"geometry":{"type":"Polygon","coordinates":[[[-58.583789,-34.551286],[-58.584346,-34.552344],[-58.585422,-34.555135],[-58.584986,-34.555231],[-58.584015,-34.554404],[-58.582694,-34.555473],[-58.581806,-34.5547],[-58.580502,-34.555767],[-58.579429,-34.554817],[-58.583789,-34.551286]]]}},
{"type":"Feature","properties":{"FRAC":"03","RADIO":"04","hogares_nb":22.0,"hogares_si":459.0,"hogares_to":481.0,"porcentaje":4.5738045738045754},"geometry":{"type":"Polygon","coordinates":[[[-58.561742,-34.526028],[-58.562565,-34.525363],[-58.564051,-34.524019],[-58.565653,-34.522766],[-58.567096,-34.523945],[-58.565544,-34.525271],[-58.565792,-34.525463],[-58.564995,-34.526184],[-58.563515,-34.52741],[-58.561742,-34.526028]]]}},
{"type":"Feature","properties":{"FRAC":"39","RADIO":"08","hogares_nb":6.0,"hogares_si":257.0,"hogares_to":263.0,"porcentaje":2.2813688212927761},"geometry":{"type":"Polygon","coordinates":[[[-58.562803,-34.531458],[-58.5633,-34.531016],[-58.564868,-34.529806],[-58.566474,-34.531209],[-58.565716,-34.531829],[-58.566384,-34.532389],[-58.565094,-34.533414],[-58.562803,-34.531458]]]}},
{"type":"Feature","properties":{"FRAC":"05","RADIO":"01","hogares_nb":36.0,"hogares_si":335.0,"hogares_to":371.0,"porcentaje":9.703504043126685},"geometry":{"type":"Polygon","coordinates":[[[-58.546308,-34.536641],[-58.547792,-34.537905],[-58.543946,-34.54103],[-58.542603,-34.539907],[-58.546308,-34.536641]]]}},
{"type":"Feature","properties":{"FRAC":"51","RADIO":"08","hogares_nb":10.0,"hogares_si":407.0,"hogares_to":417.0,"porcentaje":2.398081534772182},"geometry":{"type":"Polygon","coordinates":[[[-58.547197,-34.58428],[-58.548814,-34.585661],[-58.545465,-34.588325],[-58.543668,-34.587175],[-58.545598,-34.585566],[-58.547197,-34.58428]]]}},
{"type":"Feature","properties":{"FRAC":"24","RADIO":"07","hogares_nb":3.0,"hogares_si":223.0,"hogares_to":226.0,"porcentaje":1.3274336283185839},"geometry":{"type":"Polygon","coordinates":[[[-58.519075,-34.583154],[-58.522313,-34.581738],[-58.525149,-34.583422],[-58.523159,-34.585642],[-58.519075,-34.583154]]]}},
{"type":"Feature","properties":{"FRAC":"25","RADIO":"03","hogares_nb":9.0,"hogares_si":221.0,"hogares_to":230.0,"porcentaje":3.9130434782608701},"geometry":{"type":"Polygon","coordinates":[[[-58.518711,-34.589426],[-58.519244,-34.589239],[-58.520508,-34.590086],[-58.525242,-34.592995],[-58.523919,-34.594457],[-58.522647,-34.593667],[-58.521346,-34.594984],[-58.518711,-34.589426]]]}},
{"type":"Feature","properties":{"FRAC":"25","RADIO":"08","hogares_nb":13.0,"hogares_si":343.0,"hogares_to":356.0,"porcentaje":3.6516853932584268},"geometry":{"type":"Polygon","coordinates":[[[-58.53412,-34.59547],[-58.533982,-34.595249],[-58.533857,-34.594559],[-58.532956,-34.594014],[-58.534372,-34.592437],[-58.538528,-34.59506],[-58.534413,-34.595671],[-58.53412,-34.59547]]]}},
{"type":"Feature","properties":{"FRAC":"53","RADIO":"06","hogares_nb":13.0,"hogares_si":351.0,"hogares_to":364.0,"porcentaje":3.5714285714285712},"geometry":{"type":"Polygon","coordinates":[[[-58.592219,-34.560203],[-58.595963,-34.560222],[-58.597564,-34.558957],[-58.600182,-34.561202],[-58.598386,-34.562647],[-58.592196,-34.562618],[-58.592219,-34.560203]]]}},
{"type":"Feature","properties":{"FRAC":"32","RADIO":"02","hogares_nb":9.0,"hogares_si":306.0,"hogares_to":315.0,"porcentaje":2.8571428571428572},"geometry":{"type":"Polygon","coordinates":[[[-58.574438,-34.56891],[-58.576934,-34.566907],[-58.579158,-34.568839],[-58.577501,-34.570154],[-58.576395,-34.569194],[-58.575555,-34.56986],[-58.574438,-34.56891]]]}},
{"type":"Feature","properties":{"FRAC":"32","RADIO":"05","hogares_nb":19.0,"hogares_si":326.0,"hogares_to":345.0,"porcentaje":5.5072463768115938},"geometry":{"type":"Polygon","coordinates":[[[-58.572837,-34.570189],[-58.576154,-34.573076],[-58.574508,-34.5744],[-58.571169,-34.571513],[-58.572837,-34.570189]]]}},
{"type":"Feature","properties":{"FRAC":"27","RADIO":"08","hogares_nb":10.0,"hogares_si":227.0,"hogares_to":237.0,"porcentaje":4.2194092827004219},"geometry":{"type":"Polygon","coordinates":[[[-58.543083,-34.593038],[-58.545183,-34.591342],[-58.54673,-34.592658],[-58.545448,-34.593697],[-58.545751,-34.593961],[-58.544309,-34.594183],[-58.543083,-34.593038]]]}},
{"type":"Feature","properties":{"FRAC":"08","RADIO":"01","hogares_nb":12.0,"hogares_si":408.0,"hogares_to":420.0,"porcentaje":2.8571428571428572},"geometry":{"type":"Polygon","coordinates":[[[-58.523925,-34.557894],[-58.527062,-34.56077],[-58.525084,-34.56306],[-58.521396,-34.560888],[-58.523925,-34.557894]]]}},
{"type":"Feature","properties":{"FRAC":"09","RADIO":"07","hogares_nb":5.0,"hogares_si":279.0,"hogares_to":284.0,"porcentaje":1.76056338028169},"geometry":{"type":"Polygon","coordinates":[[[-58.53065,-34.566831],[-58.532937,-34.568779],[-58.531887,-34.569649],[-58.530362,-34.568351],[-58.529312,-34.569231],[-58.528539,-34.568582],[-58.53065,-34.566831]]]}},
{"type":"Feature","properties":{"FRAC":"09","RADIO":"04","hogares_nb":11.0,"hogares_si":171.0,"hogares_to":182.0,"porcentaje":6.0439560439560438},"geometry":{"type":"Polygon","coordinates":[[[-58.528707,-34.565204],[-58.530124,-34.563554],[-58.531525,-34.564814],[-58.52992,-34.566219],[-58.528707,-34.565204]]]}},
{"type":"Feature","properties":{"FRAC":"52","RADIO":"03","hogares_nb":19.0,"hogares_si":484.0,"hogares_to":503.0,"porcentaje":3.7773359840954268},"geometry":{"type":"Polygon","coordinates":[[[-58.567081,-34.574764],[-58.570465,-34.577634],[-58.567957,-34.579614],[-58.56598,-34.577951],[-58.564628,-34.576731],[-58.567081,-34.574764]]]}},
{"type":"Feature","properties":{"FRAC":"32","RADIO":"09","hogares_nb":22.0,"hogares_si":253.0,"hogares_to":275.0,"porcentaje":8.0},"geometry":{"type":"Polygon","coordinates":[[[-58.58083,-34.573041],[-58.582487,-34.571717],[-58.584609,-34.573535],[-58.582946,-34.574853],[-58.58083,-34.573041]]]}},
{"type":"Feature","properties":{"FRAC":"53","RADIO":"03","hogares_nb":14.0,"hogares_si":370.0,"hogares_to":384.0,"porcentaje":3.645833333333333},"geometry":{"type":"Polygon","coordinates":[[[-58.586868,-34.55899],[-58.587374,-34.558524],[-58.590122,-34.556428],[-58.591499,-34.557627],[-58.592256,-34.55949],[-58.592196,-34.562618],[-58.588723,-34.562514],[-58.588672,-34.562306],[-58.588435,-34.562096],[-58.587968,-34.562046],[-58.586868,-34.55899]]]}},
{"type":"Feature","properties":{"FRAC":"51","RADIO":"01","hogares_nb":4.0,"hogares_si":272.0,"hogares_to":276.0,"porcentaje":1.449275362318841},"geometry":{"type":"Polygon","coordinates":[[[-58.539438,-34.577708],[-58.540974,-34.579006],[-58.539902,-34.579868],[-58.539139,-34.579228],[-58.538111,-34.580071],[-58.537349,-34.579422],[-58.539438,-34.577708]]]}},
{"type":"Feature","properties":{"FRAC":"10","RADIO":"04","hogares_nb":3.0,"hogares_si":247.0,"hogares_to":250.0,"porcentaje":1.2},"geometry":{"type":"Polygon","coordinates":[[[-58.541408,-34.556676],[-58.543551,-34.554971],[-58.545193,-34.556406],[-58.54306,-34.558111],[-58.541408,-34.556676]]]}},
{"type":"Feature","properties":{"FRAC":"10","RADIO":"01","hogares_nb":3.0,"hogares_si":335.0,"hogares_to":338.0,"porcentaje":0.88757396449704096},"geometry":{"type":"Polygon","coordinates":[[[-58.541769,-34.552316],[-58.543845,-34.550612],[-58.546088,-34.553181],[-58.545016,-34.55406],[-58.544322,-34.554476],[-58.541769,-34.552316]]]}},
{"type":"Feature","properties":{"FRAC":"44","RADIO":"05","hogares_nb":9.0,"hogares_si":397.0,"hogares_to":406.0,"porcentaje":2.216748768472907},"geometry":{"type":"Polygon","coordinates":[[[-58.563818,-34.534462],[-58.567351,-34.537451],[-58.564788,-34.53953],[-58.561232,-34.536527],[-58.563818,-34.534462]]]}},
{"type":"Feature","properties":{"FRAC":"49","RADIO":"01","hogares_nb":5.0,"hogares_si":227.0,"hogares_to":232.0,"porcentaje":2.1551724137931041},"geometry":{"type":"Polygon","coordinates":[[[-58.548878,-34.566359],[-58.549933,-34.565573],[-58.550589,-34.56502],[-58.550883,-34.565705],[-58.551071,-34.566424],[-58.551362,-34.567057],[-58.550366,-34.567824],[-58.548878,-34.566359]]]}},
{"type":"Feature","properties":{"FRAC":"36","RADIO":"11","hogares_nb":10.0,"hogares_si":166.0,"hogares_to":176.0,"porcentaje":5.6818181818181817},"geometry":{"type":"Polygon","coordinates":[[[-58.585071,-34.554203],[-58.585583,-34.553477],[-58.585733,-34.553432],[-58.586693,-34.552668],[-58.589379,-34.550677],[-58.590546,-34.551723],[-58.585584,-34.555591],[-58.585071,-34.554203]]]}},
{"type":"Feature","properties":{"FRAC":"27","RADIO":"05","hogares_nb":7.0,"hogares_si":325.0,"hogares_to":332.0,"porcentaje":2.1084337349397591},"geometry":{"type":"Polygon","coordinates":[[[-58.546803,-34.587242],[-58.549224,-34.589001],[-58.547323,-34.590502],[-58.544791,-34.58884],[-58.546803,-34.587242]]]}},
{"type":"Feature","properties":{"FRAC":"05","RADIO":"03","hogares_nb":3.0,"hogares_si":193.0,"hogares_to":196.0,"porcentaje":1.5306122448979591},"geometry":{"type":"Polygon","coordinates":[[[-58.553081,-34.538139],[-58.553768,-34.538706],[-58.551184,-34.540767],[-58.549155,-34.539057],[-58.550447,-34.538009],[-58.5518,-34.53917],[-58.553081,-34.538139]]]}},
{"type":"Feature","properties":{"FRAC":"10","RADIO":"02","hogares_nb":18.0,"hogares_si":410.0,"hogares_to":428.0,"porcentaje":4.2056074766355138},"geometry":{"type":"Polygon","coordinates":[[[-58.540009,-34.553802],[-58.541769,-34.552316],[-58.544322,-34.554476],[-58.543551,-34.554971],[-58.541408,-34.556676],[-58.539057,-34.554674],[-58.540009,-34.553802]]]}},
{"type":"Feature","properties":{"FRAC":"25","RADIO":"07","hogares_nb":2.0,"hogares_si":356.0,"hogares_to":358.0,"porcentaje":0.55865921787709505},"geometry":{"type":"Polygon","coordinates":[[[-58.530632,-34.590158],[-58.533494,-34.591945],[-58.534372,-34.592437],[-58.532956,-34.594014],[-58.53087,-34.592738],[-58.531181,-34.5924],[-58.531085,-34.592299],[-58.529314,-34.592603],[-58.530632,-34.590158]]]}},
{"type":"Feature","properties":{"FRAC":"25","RADIO":"04","hogares_nb":9.0,"hogares_si":337.0,"hogares_to":346.0,"porcentaje":2.601156069364162},"geometry":{"type":"Polygon","coordinates":[[[-58.525242,-34.592995],[-58.528207,-34.594815],[-58.527842,-34.595694],[-58.527997,-34.596628],[-58.523985,-34.597239],[-58.522996,-34.597344],[-58.523018,-34.597389],[-58.522303,-34.597393],[-58.521669,-34.595676],[-58.521346,-34.594984],[-58.522647,-34.593667],[-58.523919,-34.594457],[-58.525242,-34.592995]]]}},
{"type":"Feature","properties":{"FRAC":"29","RADIO":"05","hogares_nb":6.0,"hogares_si":327.0,"hogares_to":333.0,"porcentaje":1.801801801801802},"geometry":{"type":"Polygon","coordinates":[[[-58.547292,-34.579136],[-58.548936,-34.580525],[-58.547864,-34.581369],[-58.547767,-34.581286],[-58.546695,-34.582109],[-58.545199,-34.580837],[-58.546241,-34.579951],[-58.547292,-34.579136]]]}},
{"type":"Feature","properties":{"FRAC":"23","RADIO":"05","hogares_nb":3.0,"hogares_si":309.0,"hogares_to":312.0,"porcentaje":0.96153846153846201},"geometry":{"type":"Polygon","coordinates":[[[-58.534789,-34.573794],[-58.53554,-34.574434],[-58.533472,-34.576149],[-58.5324,-34.577001],[-58.531627,-34.576361],[-58.532699,-34.575491],[-58.534789,-34.573794]]]}},
{"type":"Feature","properties":{"FRAC":"23","RADIO":"10","hogares_nb":3.0,"hogares_si":319.0,"hogares_to":322.0,"porcentaje":0.93167701863354002},"geometry":{"type":"Polygon","coordinates":[[[-58.534671,-34.578943],[-58.537771,-34.581579],[-58.536774,-34.582397],[-58.533648,-34.579811],[-58.534671,-34.578943]]]}},
{"type":"Feature","properties":{"FRAC":"23","RADIO":"07","hogares_nb":2.0,"hogares_si":380.0,"hogares_to":382.0,"porcentaje":0.52356020942408399},"geometry":{"type":"Polygon","coordinates":[[[-58.53786,-34.576373],[-58.539438,-34.577708],[-58.536286,-34.580289],[-58.534671,-34.578943],[-58.536809,-34.577262],[-58.53786,-34.576373]]]}},
{"type":"Feature","properties":{"FRAC":"38","RADIO":"06","hogares_nb":11.0,"hogares_si":400.0,"hogares_to":411.0,"porcentaje":2.6763990267639901},"geometry":{"type":"Polygon","coordinates":[[[-58.57078,-34.515606],[-58.572566,-34.517169],[-58.57326,-34.516588],[-58.574035,-34.517185],[-58.575476,-34.518417],[-58.574774,-34.51898],[-58.57462,-34.518849],[-58.57391,-34.519354],[-58.572243,-34.520743],[-58.570576,-34.522042],[-58.568682,-34.517412],[-58.57078,-34.515606]]]}},
{"type":"Feature","properties":{"FRAC":"04","RADIO":"07","hogares_nb":18.0,"hogares_si":392.0,"hogares_to":410.0,"porcentaje":4.3902439024390238},"geometry":{"type":"Polygon","coordinates":[[[-58.546308,-34.536641],[-58.55003,-34.533443],[-58.55165,-34.534796],[-58.550399,-34.53586],[-58.547792,-34.537905],[-58.546308,-34.536641]]]}},
{"type":"Feature","properties":{"FRAC":"36","RADIO":"10","hogares_nb":10.0,"hogares_si":147.0,"hogares_to":157.0,"porcentaje":6.369426751592357},"geometry":{"type":"Polygon","coordinates":[[[-58.588189,-34.54961],[-58.589379,-34.550677],[-58.586693,-34.552668],[-58.585733,-34.553432],[-58.585583,-34.553477],[-58.585071,-34.554203],[-58.584346,-34.552344],[-58.584888,-34.552158],[-58.585197,-34.551964],[-58.585429,-34.55175],[-58.585608,-34.551473],[-58.585711,-34.551176],[-58.585732,-34.550618],[-58.585789,-34.550429],[-58.586232,-34.550038],[-58.586854,-34.550592],[-58.588189,-34.54961]]]}},
{"type":"Feature","properties":{"FRAC":"54","RADIO":"05","hogares_nb":28.0,"hogares_si":294.0,"hogares_to":322.0,"porcentaje":8.695652173913043},"geometry":{"type":"Polygon","coordinates":[[[-58.594116,-34.556033],[-58.592518,-34.554565],[-58.593198,-34.554027],[-58.593357,-34.554123],[-58.597636,-34.555462],[-58.595469,-34.557175],[-58.594116,-34.556033]]]}},
{"type":"Feature","properties":{"FRAC":"17","RADIO":"04","hogares_nb":17.0,"hogares_si":340.0,"hogares_to":357.0,"porcentaje":4.7619047619047619},"geometry":{"type":"Polygon","coordinates":[[[-58.578629,-34.53897],[-58.579442,-34.540823],[-58.575342,-34.542114],[-58.57426,-34.542976],[-58.573222,-34.541286],[-58.578629,-34.53897]]]}},
{"type":"Feature","properties":{"FRAC":"13","RADIO":"04","hogares_nb":12.0,"hogares_si":350.0,"hogares_to":362.0,"porcentaje":3.3149171270718232},"geometry":{"type":"Polygon","coordinates":[[[-58.575221,-34.531063],[-58.57624,-34.533059],[-58.576692,-34.533829],[-58.575897,-34.534459],[-58.574558,-34.535692],[-58.572955,-34.534366],[-58.571993,-34.533654],[-58.575221,-34.531063]]]}},
{"type":"Feature","properties":{"FRAC":"14","RADIO":"09","hogares_nb":42.0,"hogares_si":241.0,"hogares_to":283.0,"porcentaje":14.840989399293287},"geometry":{"type":"Polygon","coordinates":[[[-58.580938,-34.523352],[-58.582614,-34.522135],[-58.582949,-34.522741],[-58.583055,-34.52321],[-58.583059,-34.52333],[-58.582925,-34.523385],[-58.58301,-34.523763],[-58.58332,-34.523673],[-58.583661,-34.523885],[-58.582319,-34.526017],[-58.582252,-34.525415],[-58.582363,-34.525111],[-58.582262,-34.524809],[-58.581932,-34.524446],[-58.581684,-34.524],[-58.580938,-34.523352]]]}},
{"type":"Feature","properties":{"FRAC":"05","RADIO":"07","hogares_nb":19.0,"hogares_si":271.0,"hogares_to":290.0,"porcentaje":6.5517241379310347},"geometry":{"type":"Polygon","coordinates":[[[-58.540123,-34.542099],[-58.542603,-34.539907],[-58.543946,-34.54103],[-58.541383,-34.543138],[-58.540123,-34.542099]]]}},
{"type":"Feature","properties":{"FRAC":"05","RADIO":"04","hogares_nb":10.0,"hogares_si":266.0,"hogares_to":276.0,"porcentaje":3.623188405797102},"geometry":{"type":"Polygon","coordinates":[[[-58.546602,-34.541136],[-58.549155,-34.539057],[-58.551184,-34.540767],[-58.549902,-34.541824],[-58.549237,-34.541239],[-58.54791,-34.542277],[-58.546602,-34.541136]]]}},
{"type":"Feature","properties":{"FRAC":"51","RADIO":"07","hogares_nb":21.0,"hogares_si":450.0,"hogares_to":471.0,"porcentaje":4.4585987261146496},"geometry":{"type":"Polygon","coordinates":[[[-58.5449,-34.582352],[-58.547197,-34.58428],[-58.544047,-34.586848],[-58.543258,-34.586214],[-58.541743,-34.584883],[-58.5449,-34.582352]]]}},
{"type":"Feature","properties":{"FRAC":"51","RADIO":"02","hogares_nb":4.0,"hogares_si":266.0,"hogares_to":270.0,"porcentaje":1.4814814814814821},"geometry":{"type":"Polygon","coordinates":[[[-58.537349,-34.579422],[-58.538111,-34.580071],[-58.539139,-34.579228],[-58.539902,-34.579868],[-58.537771,-34.581579],[-58.536286,-34.580289],[-58.537349,-34.579422]]]}},
{"type":"Feature","properties":{"FRAC":"25","RADIO":"01","hogares_nb":16.0,"hogares_si":290.0,"hogares_to":306.0,"porcentaje":5.2287581699346406},"geometry":{"type":"Polygon","coordinates":[[[-58.52414,-34.589462],[-58.525105,-34.588406],[-58.525966,-34.587336],[-58.530632,-34.590158],[-58.529314,-34.592603],[-58.52414,-34.589462]]]}},
{"type":"Feature","properties":{"FRAC":"34","RADIO":"09","hogares_nb":7.0,"hogares_si":252.0,"hogares_to":259.0,"porcentaje":2.7027027027027031},"geometry":{"type":"Polygon","coordinates":[[[-58.56268,-34.563914],[-58.565088,-34.565868],[-58.559307,-34.567127],[-58.558857,-34.567248],[-58.558261,-34.567553],[-58.559135,-34.566775],[-58.56268,-34.563914]]]}},
{"type":"Feature","properties":{"FRAC":"15","RADIO":"03","hogares_nb":48.0,"hogares_si":283.0,"hogares_to":331.0,"porcentaje":14.501510574018129},"geometry":{"type":"Polygon","coordinates":[[[-58.586079,-34.52948],[-58.586769,-34.530093],[-58.587485,-34.53063],[-58.585969,-34.53191],[-58.585047,-34.531099],[-58.584674,-34.531213],[-58.58443,-34.530848],[-58.586079,-34.52948]]]}},
{"type":"Feature","properties":{"FRAC":"47","RADIO":"01","hogares_nb":11.0,"hogares_si":337.0,"hogares_to":348.0,"porcentaje":3.160919540229886},"geometry":{"type":"Polygon","coordinates":[[[-58.579442,-34.540823],[-58.58022,-34.542553],[-58.575375,-34.544044],[-58.574815,-34.543641],[-58.57426,-34.542976],[-58.575342,-34.542114],[-58.579442,-34.540823]]]}},
{"type":"Feature","properties":{"FRAC":"22","RADIO":"06","hogares_nb":5.0,"hogares_si":350.0,"hogares_to":355.0,"porcentaje":1.408450704225352},"geometry":{"type":"Polygon","coordinates":[[[-58.539176,-34.574009],[-58.540205,-34.573156],[-58.543373,-34.575826],[-58.542301,-34.576666],[-58.539176,-34.574009]]]}},
{"type":"Feature","properties":{"FRAC":"41","RADIO":"04","hogares_nb":10.0,"hogares_si":385.0,"hogares_to":395.0,"porcentaje":2.5316455696202529},"geometry":{"type":"Polygon","coordinates":[[[-58.516004,-34.565409],[-58.517643,-34.566365],[-58.514399,-34.570213],[-58.512772,-34.569211],[-58.513395,-34.568405],[-58.516004,-34.565409]]]}},
{"type":"Feature","properties":{"FRAC":"25","RADIO":"05","hogares_nb":8.0,"hogares_si":359.0,"hogares_to":367.0,"porcentaje":2.1798365122615802},"geometry":{"type":"Polygon","coordinates":[[[-58.527842,-34.595694],[-58.528207,-34.594815],[-58.529032,-34.593158],[-58.532083,-34.594993],[-58.532036,-34.596037],[-58.527997,-34.596628],[-58.527842,-34.595694]]]}},
{"type":"Feature","properties":{"FRAC":"10","RADIO":"06","hogares_nb":10.0,"hogares_si":406.0,"hogares_to":416.0,"porcentaje":2.4038461538461542},"geometry":{"type":"Polygon","coordinates":[[[-58.549131,-34.553622],[-58.550993,-34.555204],[-58.547221,-34.558161],[-58.545193,-34.556406],[-58.546689,-34.555549],[-58.549131,-34.553622]]]}},
{"type":"Feature","properties":{"FRAC":"12","RADIO":"10","hogares_nb":0.0,"hogares_si":226.0,"hogares_to":226.0,"porcentaje":0.0},"geometry":{"type":"Polygon","coordinates":[[[-58.554046,-34.545298],[-58.554905,-34.546057],[-58.553623,-34.547087],[-58.552743,-34.546346],[-58.554046,-34.545298]]]}},
{"type":"Feature","properties":{"FRAC":"11","RADIO":"04","hogares_nb":7.0,"hogares_si":409.0,"hogares_to":416.0,"porcentaje":1.6826923076923079},"geometry":{"type":"Polygon","coordinates":[[[-58.551919,-34.549897],[-58.554503,-34.547836],[-58.555373,-34.548559],[-58.552799,-34.550646],[-58.551919,-34.549897]]]}},
{"type":"Feature","properties":{"FRAC":"20","RADIO":"05","hogares_nb":9.0,"hogares_si":327.0,"hogares_to":336.0,"porcentaje":2.6785714285714279},"geometry":{"type":"Polygon","coordinates":[[[-58.560436,-34.562004],[-58.56268,-34.563914],[-58.560319,-34.565824],[-58.557708,-34.563665],[-58.559267,-34.562819],[-58.560436,-34.562004]]]}},
{"type":"Feature","properties":{"FRAC":"49","RADIO":"04","hogares_nb":5.0,"hogares_si":334.0,"hogares_to":339.0,"porcentaje":1.474926253687316},"geometry":{"type":"Polygon","coordinates":[[[-58.541586,-34.570775],[-58.54372,-34.569025],[-58.546146,-34.5711],[-58.543992,-34.572796],[-58.541586,-34.570775]]]}},
{"type":"Feature","properties":{"FRAC":"49","RADIO":"07","hogares_nb":5.0,"hogares_si":431.0,"hogares_to":436.0,"porcentaje":1.1467889908256881},"geometry":{"type":"Polygon","coordinates":[[[-58.551362,-34.567057],[-58.552701,-34.569519],[-58.550425,-34.571331],[-58.548245,-34.569476],[-58.551362,-34.567057]]]}},
{"type":"Feature","properties":{"FRAC":"22","RADIO":"05","hogares_nb":0.0,"hogares_si":299.0,"hogares_to":299.0,"porcentaje":0.0},"geometry":{"type":"Polygon","coordinates":[[[-58.540205,-34.573156],[-58.541265,-34.572322],[-58.544423,-34.574973],[-58.543373,-34.575826],[-58.540205,-34.573156]]]}},
{"type":"Feature","properties":{"FRAC":"04","RADIO":"01","hogares_nb":7.0,"hogares_si":294.0,"hogares_to":301.0,"porcentaje":2.3255813953488369},"geometry":{"type":"Polygon","coordinates":[[[-58.555589,-34.528664],[-58.557102,-34.529946],[-58.556653,-34.530808],[-58.555508,-34.531655],[-58.554293,-34.530663],[-58.55379,-34.530149],[-58.555589,-34.528664]]]}},
{"type":"Feature","properties":{"FRAC":"05","RADIO":"06","hogares_nb":19.0,"hogares_si":244.0,"hogares_to":263.0,"porcentaje":7.2243346007604554},"geometry":{"type":"Polygon","coordinates":[[[-58.542736,-34.544253],[-58.544006,-34.543214],[-58.542675,-34.54208],[-58.543946,-34.54103],[-58.545949,-34.542743],[-58.543423,-34.54482],[-58.542736,-34.544253]]]}},
{"type":"Feature","properties":{"FRAC":"04","RADIO":"02","hogares_nb":12.0,"hogares_si":434.0,"hogares_to":446.0,"porcentaje":2.6905829596412558},"geometry":{"type":"Polygon","coordinates":[[[-58.555694,-34.53379],[-58.556831,-34.532815],[-58.558709,-34.531346],[-58.560694,-34.533074],[-58.557604,-34.535556],[-58.555694,-34.53379]]]}},
{"type":"Feature","properties":{"FRAC":"24","RADIO":"01","hogares_nb":16.0,"hogares_si":318.0,"hogares_to":334.0,"porcentaje":4.7904191616766472},"geometry":{"type":"Polygon","coordinates":[[[-58.527752,-34.576751],[-58.532017,-34.58028],[-58.531709,-34.580672],[-58.528777,-34.583907],[-58.527484,-34.583028],[-58.526465,-34.584213],[-58.522313,-34.581738],[-58.528103,-34.579086],[-58.528566,-34.578776],[-58.526575,-34.57758],[-58.527056,-34.577284],[-58.527752,-34.576751]]]}},
{"type":"Feature","properties":{"FRAC":"24","RADIO":"04","hogares_nb":16.0,"hogares_si":168.0,"hogares_to":184.0,"porcentaje":8.695652173913043},"geometry":{"type":"Polygon","coordinates":[[[-58.528777,-34.583907],[-58.530449,-34.584998],[-58.530929,-34.584608],[-58.533696,-34.586977],[-58.53259,-34.587919],[-58.532245,-34.588293],[-58.529786,-34.586822],[-58.528996,-34.586173],[-58.527779,-34.585043],[-58.528777,-34.583907]]]}},
{"type":"Feature","properties":{"FRAC":"42","RADIO":"08","hogares_nb":18.0,"hogares_si":217.0,"hogares_to":235.0,"porcentaje":7.6595744680851059},"geometry":{"type":"Polygon","coordinates":[[[-58.529123,-34.573158],[-58.529509,-34.572848],[-58.528736,-34.572225],[-58.530848,-34.570484],[-58.531599,-34.571142],[-58.530549,-34.571995],[-58.531322,-34.572635],[-58.53006,-34.573667],[-58.529123,-34.573158]]]}},
{"type":"Feature","properties":{"FRAC":"40","RADIO":"03","hogares_nb":36.0,"hogares_si":347.0,"hogares_to":383.0,"porcentaje":9.3994778067885107},"geometry":{"type":"Polygon","coordinates":[[[-58.522458,-34.553517],[-58.523631,-34.5519],[-58.524714,-34.552459],[-58.52348,-34.554069],[-58.522458,-34.553517]]]}},
{"type":"Feature","properties":{"FRAC":"09","RADIO":"10","hogares_nb":15.0,"hogares_si":250.0,"hogares_to":265.0,"porcentaje":5.6603773584905666},"geometry":{"type":"Polygon","coordinates":[[[-58.535225,-34.568184],[-58.536289,-34.569163],[-58.53514,-34.570627],[-58.534484,-34.57005],[-58.533423,-34.570912],[-58.531887,-34.569649],[-58.532937,-34.568779],[-58.533711,-34.56941],[-58.535225,-34.568184]]]}},
{"type":"Feature","properties":{"FRAC":"22","RADIO":"02","hogares_nb":2.0,"hogares_si":508.0,"hogares_to":510.0,"porcentaje":0.39215686274509798},"geometry":{"type":"Polygon","coordinates":[[[-58.536889,-34.572089],[-58.538978,-34.570392],[-58.541265,-34.572322],[-58.539176,-34.574009],[-58.536889,-34.572089]]]}},
{"type":"Feature","properties":{"FRAC":"22","RADIO":"03","hogares_nb":6.0,"hogares_si":347.0,"hogares_to":353.0,"porcentaje":1.6997167138810201},"geometry":{"type":"Polygon","coordinates":[[[-58.538978,-34.570392],[-58.540072,-34.569495],[-58.543992,-34.572796],[-58.542887,-34.573666],[-58.538978,-34.570392]]]}},
{"type":"Feature","properties":{"FRAC":"47","RADIO":"06","hogares_nb":13.0,"hogares_si":375.0,"hogares_to":388.0,"porcentaje":3.3505154639175259},"geometry":{"type":"Polygon","coordinates":[[[-58.574837,-34.543659],[-58.579068,-34.546835],[-58.577611,-34.548165],[-58.573161,-34.54482],[-58.574837,-34.543659]]]}},
{"type":"Feature","properties":{"FRAC":"48","RADIO":"01","hogares_nb":51.0,"hogares_si":293.0,"hogares_to":344.0,"porcentaje":14.825581395348838},"geometry":{"type":"Polygon","coordinates":[[[-58.561338,-34.546935],[-58.5639,-34.54811],[-58.560398,-34.550944],[-58.558421,-34.549264],[-58.558329,-34.549127],[-58.561091,-34.546885],[-58.561338,-34.546935]]]}},
{"type":"Feature","properties":{"FRAC":"18","RADIO":"03","hogares_nb":33.0,"hogares_si":393.0,"hogares_to":426.0,"porcentaje":7.7464788732394361},"geometry":{"type":"Polygon","coordinates":[[[-58.564352,-34.547781],[-58.567296,-34.548925],[-58.569421,-34.549481],[-58.567655,-34.550771],[-58.56672,-34.551517],[-58.563292,-34.548598],[-58.564352,-34.547781]]]}},
{"type":"Feature","properties":{"FRAC":"26","RADIO":"04","hogares_nb":8.0,"hogares_si":319.0,"hogares_to":327.0,"porcentaje":2.446483180428134},"geometry":{"type":"Polygon","coordinates":[[[-58.53959,-34.590448],[-58.539356,-34.589902],[-58.539284,-34.589622],[-58.538249,-34.589014],[-58.540368,-34.587299],[-58.543497,-34.589924],[-58.542923,-34.59035],[-58.541476,-34.590829],[-58.539736,-34.591105],[-58.53959,-34.590448]]]}},
{"type":"Feature","properties":{"FRAC":"27","RADIO":"01","hogares_nb":2.0,"hogares_si":266.0,"hogares_to":268.0,"porcentaje":0.74626865671641796},"geometry":{"type":"Polygon","coordinates":[[[-58.548738,-34.585597],[-58.549247,-34.585207],[-58.549333,-34.585262],[-58.549267,-34.585297],[-58.551943,-34.586852],[-58.549224,-34.589001],[-58.546803,-34.587242],[-58.548814,-34.585661],[-58.548738,-34.585597]]]}},
{"type":"Feature","properties":{"FRAC":"12","RADIO":"14","hogares_nb":1.0,"hogares_si":299.0,"hogares_to":300.0,"porcentaje":0.33333333333333298},"geometry":{"type":"Polygon","coordinates":[[[-58.55018,-34.548416],[-58.552743,-34.546346],[-58.553623,-34.547087],[-58.55106,-34.549166],[-58.55018,-34.548416]]]}},
{"type":"Feature","properties":{"FRAC":"13","RADIO":"06","hogares_nb":11.0,"hogares_si":261.0,"hogares_to":272.0,"porcentaje":4.0441176470588234},"geometry":{"type":"Polygon","coordinates":[[[-58.569184,-34.535958],[-58.571194,-34.534341],[-58.572074,-34.5351],[-58.571291,-34.535713],[-58.572204,-34.536369],[-58.573132,-34.53694],[-58.571737,-34.538067],[-58.569184,-34.535958]]]}},
{"type":"Feature","properties":{"FRAC":"10","RADIO":"07","hogares_nb":3.0,"hogares_si":292.0,"hogares_to":295.0,"porcentaje":1.0169491525423731},"geometry":{"type":"Polygon","coordinates":[[[-58.54306,-34.558111],[-58.545193,-34.556406],[-58.547221,-34.558161],[-58.545122,-34.559839],[-58.54306,-34.558111]]]}},
{"type":"Feature","properties":{"FRAC":"12","RADIO":"07","hogares_nb":3.0,"hogares_si":234.0,"hogares_to":237.0,"porcentaje":1.2658227848101271},"geometry":{"type":"Polygon","coordinates":[[[-58.555255,-34.540292],[-58.555912,-34.540854],[-58.556112,-34.540699],[-58.55701,-34.541449],[-58.555088,-34.543012],[-58.554167,-34.542263],[-58.553541,-34.542761],[-58.552869,-34.542202],[-58.554161,-34.541162],[-58.555255,-34.540292]]]}},
{"type":"Feature","properties":{"FRAC":"26","RADIO":"06","hogares_nb":11.0,"hogares_si":323.0,"hogares_to":334.0,"porcentaje":3.293413173652695},"geometry":{"type":"Polygon","coordinates":[[[-58.540853,-34.590938],[-58.542343,-34.592371],[-58.540585,-34.593801],[-58.5397,-34.592942],[-58.537439,-34.591443],[-58.540853,-34.590938]]]}},
{"type":"Feature","properties":{"FRAC":"33","RADIO":"01","hogares_nb":18.0,"hogares_si":200.0,"hogares_to":218.0,"porcentaje":8.2568807339449553},"geometry":{"type":"Polygon","coordinates":[[[-58.580349,-34.562603],[-58.582446,-34.562567],[-58.581285,-34.563406],[-58.578216,-34.565846],[-58.576716,-34.56457],[-58.57635,-34.56337],[-58.579132,-34.562779],[-58.580349,-34.562603]]]}},
{"type":"Feature","properties":{"FRAC":"34","RADIO":"05","hogares_nb":17.0,"hogares_si":173.0,"hogares_to":190.0,"porcentaje":8.9473684210526319},"geometry":{"type":"Polygon","coordinates":[[[-58.567252,-34.560292],[-58.568897,-34.558975],[-58.56959,-34.559538],[-58.567919,-34.56089],[-58.567252,-34.560292]]]}},
{"type":"Feature","properties":{"FRAC":"35","RADIO":"13","hogares_nb":13.0,"hogares_si":315.0,"hogares_to":328.0,"porcentaje":3.963414634146341},"geometry":{"type":"Polygon","coordinates":[[[-58.578606,-34.56102],[-58.576868,-34.559952],[-58.5787,-34.558576],[-58.580052,-34.559827],[-58.579986,-34.55988],[-58.582991,-34.562568],[-58.580349,-34.562603],[-58.578606,-34.56102]]]}},
{"type":"Feature","properties":{"FRAC":"24","RADIO":"08","hogares_nb":5.0,"hogares_si":223.0,"hogares_to":228.0,"porcentaje":2.192982456140351},"geometry":{"type":"Polygon","coordinates":[[[-58.514756,-34.580995],[-58.515332,-34.580918],[-58.515946,-34.581264],[-58.525966,-34.587336],[-58.525105,-34.588406],[-58.523159,-34.590537],[-58.523343,-34.590655],[-58.522686,-34.591432],[-58.520508,-34.590086],[-58.519244,-34.589239],[-58.518711,-34.589426],[-58.514756,-34.580995]]]}},
{"type":"Feature","properties":{"FRAC":"41","RADIO":"05","hogares_nb":6.0,"hogares_si":282.0,"hogares_to":288.0,"porcentaje":2.083333333333333},"geometry":{"type":"Polygon","coordinates":[[[-58.510829,-34.568009],[-58.513121,-34.565843],[-58.514243,-34.564376],[-58.516004,-34.565409],[-58.513395,-34.568405],[-58.512772,-34.569211],[-58.510829,-34.568009]]]}},
{"type":"Feature","properties":{"FRAC":"41","RADIO":"01","hogares_nb":15.0,"hogares_si":372.0,"hogares_to":387.0,"porcentaje":3.8759689922480618},"geometry":{"type":"Polygon","coordinates":[[[-58.517979,-34.56867],[-58.519191,-34.567279],[-58.523549,-34.569863],[-58.522965,-34.570498],[-58.522411,-34.571239],[-58.517979,-34.56867]]]}},
{"type":"Feature","properties":{"FRAC":"42","RADIO":"02","hogares_nb":7.0,"hogares_si":382.0,"hogares_to":389.0,"porcentaje":1.7994858611825191},"geometry":{"type":"Polygon","coordinates":[[[-58.523549,-34.569863],[-58.526157,-34.571374],[-58.524078,-34.573764],[-58.521533,-34.572228],[-58.522411,-34.571239],[-58.522965,-34.570498],[-58.523549,-34.569863]]]}},
{"type":"Feature","properties":{"FRAC":"11","RADIO":"05","hogares_nb":3.0,"hogares_si":289.0,"hogares_to":292.0,"porcentaje":1.027397260273972},"geometry":{"type":"Polygon","coordinates":[[[-58.555373,-34.548559],[-58.55621,-34.549308],[-58.554961,-34.550348],[-58.552387,-34.552417],[-58.551517,-34.551686],[-58.554103,-34.549589],[-58.555373,-34.548559]]]}},
{"type":"Feature","properties":{"FRAC":"21","RADIO":"08","hogares_nb":2.0,"hogares_si":226.0,"hogares_to":228.0,"porcentaje":0.87719298245613997},"geometry":{"type":"Polygon","coordinates":[[[-58.539597,-34.565533],[-58.5404,-34.564488],[-58.544018,-34.56755],[-58.542968,-34.568421],[-58.539597,-34.565533]]]}},
{"type":"Feature","properties":{"FRAC":"03","RADIO":"09","hogares_nb":13.0,"hogares_si":214.0,"hogares_to":227.0,"porcentaje":5.7268722466960353},"geometry":{"type":"Polygon","coordinates":[[[-58.56738,-34.529396],[-58.569021,-34.528079],[-58.572072,-34.530661],[-58.570725,-34.531812],[-58.569397,-34.532823],[-58.567641,-34.531363],[-58.568691,-34.530499],[-58.56738,-34.529396]]]}},
{"type":"Feature","properties":{"FRAC":"39","RADIO":"09","hogares_nb":8.0,"hogares_si":394.0,"hogares_to":402.0,"porcentaje":1.9900497512437809},"geometry":{"type":"Polygon","coordinates":[[[-58.567641,-34.531363],[-58.569397,-34.532823],[-58.565572,-34.535965],[-58.563818,-34.534462],[-58.567641,-34.531363]]]}},
{"type":"Feature","properties":{"FRAC":"21","RADIO":"09","hogares_nb":4.0,"hogares_si":246.0,"hogares_to":250.0,"porcentaje":1.6},"geometry":{"type":"Polygon","coordinates":[[[-58.537561,-34.567293],[-58.5392,-34.565159],[-58.54139,-34.567059],[-58.53928,-34.568729],[-58.537561,-34.567293]]]}},
{"type":"Feature","properties":{"FRAC":"22","RADIO":"04","hogares_nb":2.0,"hogares_si":273.0,"hogares_to":275.0,"porcentaje":0.72727272727272696},"geometry":{"type":"Polygon","coordinates":[[[-58.542887,-34.573666],[-58.543992,-34.572796],[-58.545506,-34.574067],[-58.544423,-34.574973],[-58.542887,-34.573666]]]}},
{"type":"Feature","properties":{"FRAC":"51","RADIO":"09","hogares_nb":12.0,"hogares_si":442.0,"hogares_to":454.0,"porcentaje":2.643171806167401},"geometry":{"type":"Polygon","coordinates":[[[-58.540368,-34.587299],[-58.542498,-34.585553],[-58.544047,-34.586848],[-58.543668,-34.587175],[-58.545465,-34.588325],[-58.543497,-34.589924],[-58.540368,-34.587299]]]}},
{"type":"Feature","properties":{"FRAC":"05","RADIO":"05","hogares_nb":6.0,"hogares_si":289.0,"hogares_to":295.0,"porcentaje":2.0338983050847461},"geometry":{"type":"Polygon","coordinates":[[[-58.545269,-34.542177],[-58.546602,-34.541136],[-58.54791,-34.542277],[-58.549237,-34.541239],[-58.549902,-34.541824],[-58.547312,-34.543857],[-58.545269,-34.542177]]]}},
{"type":"Feature","properties":{"FRAC":"06","RADIO":"09","hogares_nb":36.0,"hogares_si":311.0,"hogares_to":347.0,"porcentaje":10.37463976945245},"geometry":{"type":"Polygon","coordinates":[[[-58.53667,-34.55038],[-58.538067,-34.54923],[-58.539383,-34.550297],[-58.538104,-34.551322],[-58.53667,-34.55038]]]}},
{"type":"Feature","properties":{"FRAC":"06","RADIO":"10","hogares_nb":49.0,"hogares_si":354.0,"hogares_to":403.0,"porcentaje":12.158808933002481},"geometry":{"type":"Polygon","coordinates":[[[-58.538067,-34.54923],[-58.539098,-34.548387],[-58.54119,-34.550108],[-58.540182,-34.550986],[-58.538986,-34.551929],[-58.538104,-34.551322],[-58.539383,-34.550297],[-58.538067,-34.54923]]]}},
{"type":"Feature","properties":{"FRAC":"47","RADIO":"09","hogares_nb":19.0,"hogares_si":400.0,"hogares_to":419.0,"porcentaje":4.5346062052505962},"geometry":{"type":"Polygon","coordinates":[[[-58.579606,-34.546344],[-58.581571,-34.545665],[-58.582467,-34.547945],[-58.577295,-34.55216],[-58.576511,-34.551611],[-58.577195,-34.551032],[-58.57625,-34.550183],[-58.575593,-34.54977],[-58.574422,-34.550721],[-58.573821,-34.550164],[-58.575766,-34.548582],[-58.576996,-34.547705],[-58.577611,-34.548165],[-58.579606,-34.546344]]]}},
{"type":"Feature","properties":{"FRAC":"36","RADIO":"06","hogares_nb":12.0,"hogares_si":172.0,"hogares_to":184.0,"porcentaje":6.5217391304347823},"geometry":{"type":"Polygon","coordinates":[[[-58.591339,-34.551101],[-58.593157,-34.549724],[-58.594564,-34.548767],[-58.595107,-34.549285],[-58.593768,-34.550281],[-58.595741,-34.551997],[-58.594435,-34.553017],[-58.593644,-34.552296],[-58.593193,-34.552661],[-58.593079,-34.552561],[-58.593007,-34.552567],[-58.591339,-34.551101]]]}},
{"type":"Feature","properties":{"FRAC":"17","RADIO":"06","hogares_nb":8.0,"hogares_si":248.0,"hogares_to":256.0,"porcentaje":3.125},"geometry":{"type":"Polygon","coordinates":[[[-58.57203,-34.538362],[-58.574214,-34.540221],[-58.573832,-34.54037],[-58.569523,-34.540361],[-58.57203,-34.538362]]]}},
{"type":"Feature","properties":{"FRAC":"20","RADIO":"08","hogares_nb":3.0,"hogares_si":248.0,"hogares_to":251.0,"porcentaje":1.1952191235059759},"geometry":{"type":"Polygon","coordinates":[[[-58.549092,-34.561509],[-58.550174,-34.560665],[-58.550819,-34.561154],[-58.552361,-34.56003],[-58.553095,-34.562087],[-58.550551,-34.56387],[-58.550139,-34.563919],[-58.549317,-34.561701],[-58.549092,-34.561509]]]}},
{"type":"Feature","properties":{"FRAC":"51","RADIO":"05","hogares_nb":31.0,"hogares_si":283.0,"hogares_to":314.0,"porcentaje":9.8726114649681538},"geometry":{"type":"Polygon","coordinates":[[[-58.537259,-34.584653],[-58.539413,-34.582899],[-58.542498,-34.585553],[-58.540368,-34.587299],[-58.537259,-34.584653]]]}},
{"type":"Feature","properties":{"FRAC":"13","RADIO":"05","hogares_nb":9.0,"hogares_si":230.0,"hogares_to":239.0,"porcentaje":3.7656903765690379},"geometry":{"type":"Polygon","coordinates":[[[-58.572074,-34.5351],[-58.571194,-34.534341],[-58.571993,-34.533654],[-58.572955,-34.534366],[-58.574558,-34.535692],[-58.575897,-34.534459],[-58.576692,-34.533829],[-58.576966,-34.534343],[-58.57203,-34.538362],[-58.571737,-34.538067],[-58.573132,-34.53694],[-58.572204,-34.536369],[-58.571291,-34.535713],[-58.572074,-34.5351]]]}},
{"type":"Feature","properties":{"FRAC":"21","RADIO":"04","hogares_nb":5.0,"hogares_si":373.0,"hogares_to":378.0,"porcentaje":1.322751322751323},"geometry":{"type":"Polygon","coordinates":[[[-58.543012,-34.561499],[-58.545611,-34.563667],[-58.543545,-34.565336],[-58.541924,-34.563947],[-58.541802,-34.564036],[-58.541771,-34.563927],[-58.541498,-34.562734],[-58.543012,-34.561499]]]}},
{"type":"Feature","properties":{"FRAC":"12","RADIO":"03","hogares_nb":3.0,"hogares_si":366.0,"hogares_to":369.0,"porcentaje":0.81300813008130102},"geometry":{"type":"Polygon","coordinates":[[[-58.544732,-34.545963],[-58.547312,-34.543857],[-58.548092,-34.544562],[-58.548906,-34.545201],[-58.54631,-34.547297],[-58.544732,-34.545963]]]}},
{"type":"Feature","properties":{"FRAC":"07","RADIO":"07","hogares_nb":9.0,"hogares_si":329.0,"hogares_to":338.0,"porcentaje":2.662721893491125},"geometry":{"type":"Polygon","coordinates":[[[-58.532649,-34.555399],[-58.53538,-34.553383],[-58.536169,-34.554099],[-58.537877,-34.555498],[-58.535324,-34.557586],[-58.532649,-34.555399]]]}},
{"type":"Feature","properties":{"FRAC":"40","RADIO":"05","hogares_nb":29.0,"hogares_si":213.0,"hogares_to":242.0,"porcentaje":11.983471074380166},"geometry":{"type":"Polygon","coordinates":[[[-58.52459,-34.554422],[-58.525826,-34.553006],[-58.526811,-34.553519],[-58.526745,-34.553606],[-58.52894,-34.554848],[-58.528721,-34.555086],[-58.528269,-34.555437],[-58.527409,-34.55603],[-58.52459,-34.554422]]]}},
{"type":"Feature","properties":{"FRAC":"06","RADIO":"08","hogares_nb":21.0,"hogares_si":250.0,"hogares_to":271.0,"porcentaje":7.7490774907749076},"geometry":{"type":"Polygon","coordinates":[[[-58.539952,-34.546473],[-58.540624,-34.547177],[-58.53667,-34.55038],[-58.535898,-34.549826],[-58.538383,-34.547744],[-58.539952,-34.546473]]]}},
{"type":"Feature","properties":{"FRAC":"40","RADIO":"04","hogares_nb":31.0,"hogares_si":280.0,"hogares_to":311.0,"porcentaje":9.9678456591639879},"geometry":{"type":"Polygon","coordinates":[[[-58.52348,-34.554069],[-58.524714,-34.552459],[-58.525826,-34.553006],[-58.524472,-34.554566],[-58.52348,-34.554069]]]}},
{"type":"Feature","properties":{"FRAC":"10","RADIO":"08","hogares_nb":6.0,"hogares_si":429.0,"hogares_to":435.0,"porcentaje":1.3793103448275861},"geometry":{"type":"Polygon","coordinates":[[[-58.542116,-34.557297],[-58.545122,-34.559839],[-58.542559,-34.561855],[-58.54238,-34.561619],[-58.539585,-34.55934],[-58.542116,-34.557297]]]}},
{"type":"Feature","properties":{"FRAC":"11","RADIO":"01","hogares_nb":4.0,"hogares_si":335.0,"hogares_to":339.0,"porcentaje":1.179941002949852},"geometry":{"type":"Polygon","coordinates":[[[-58.558359,-34.544727],[-58.560882,-34.546844],[-58.559623,-34.547873],[-58.557936,-34.546489],[-58.556633,-34.547537],[-58.555774,-34.546797],[-58.558359,-34.544727]]]}},
{"type":"Feature","properties":{"FRAC":"31","RADIO":"08","hogares_nb":18.0,"hogares_si":420.0,"hogares_to":438.0,"porcentaje":4.10958904109589},"geometry":{"type":"Polygon","coordinates":[[[-58.562186,-34.586279],[-58.56432,-34.584511],[-58.567375,-34.587125],[-58.565213,-34.588829],[-58.562186,-34.586279]]]}},
{"type":"Feature","properties":{"FRAC":"42","RADIO":"07","hogares_nb":8.0,"hogares_si":349.0,"hogares_to":357.0,"porcentaje":2.240896358543417},"geometry":{"type":"Polygon","coordinates":[[[-58.52694,-34.56904],[-58.529797,-34.571364],[-58.528736,-34.572225],[-58.529509,-34.572848],[-58.529123,-34.573158],[-58.525321,-34.570877],[-58.52694,-34.56904]]]}},
{"type":"Feature","properties":{"FRAC":"10","RADIO":"03","hogares_nb":4.0,"hogares_si":314.0,"hogares_to":318.0,"porcentaje":1.257861635220126},"geometry":{"type":"Polygon","coordinates":[[[-58.537877,-34.555498],[-58.539057,-34.554674],[-58.542116,-34.557297],[-58.54048,-34.558621],[-58.537258,-34.555995],[-58.537877,-34.555498]]]}},
{"type":"Feature","properties":{"FRAC":"09","RADIO":"05","hogares_nb":2.0,"hogares_si":241.0,"hogares_to":243.0,"porcentaje":0.82304526748971196},"geometry":{"type":"Polygon","coordinates":[[[-58.52992,-34.566219],[-58.531525,-34.564814],[-58.533005,-34.566166],[-58.531424,-34.567463],[-58.52992,-34.566219]]]}},
{"type":"Feature","properties":{"FRAC":"33","RADIO":"07","hogares_nb":17.0,"hogares_si":351.0,"hogares_to":368.0,"porcentaje":4.6195652173913038},"geometry":{"type":"Polygon","coordinates":[[[-58.565524,-34.570906],[-58.56802,-34.574],[-58.566253,-34.575412],[-58.563171,-34.57278],[-58.565524,-34.570906]]]}},
{"type":"Feature","properties":{"FRAC":"06","RADIO":"04","hogares_nb":26.0,"hogares_si":419.0,"hogares_to":445.0,"porcentaje":5.8426966292134832},"geometry":{"type":"Polygon","coordinates":[[[-58.530491,-34.546385],[-58.531937,-34.545287],[-58.532888,-34.546127],[-58.533848,-34.545409],[-58.535982,-34.547326],[-58.535151,-34.547979],[-58.534184,-34.548651],[-58.531829,-34.546945],[-58.53148,-34.547222],[-58.530491,-34.546385]]]}},
{"type":"Feature","properties":{"FRAC":"29","RADIO":"08","hogares_nb":14.0,"hogares_si":389.0,"hogares_to":403.0,"porcentaje":3.4739454094292812},"geometry":{"type":"Polygon","coordinates":[[[-58.551102,-34.578784],[-58.552541,-34.579982],[-58.551446,-34.580907],[-58.553031,-34.582207],[-58.55086,-34.583919],[-58.547864,-34.581369],[-58.551102,-34.578784]]]}},
{"type":"Feature","properties":{"FRAC":"51","RADIO":"06","hogares_nb":9.0,"hogares_si":366.0,"hogares_to":375.0,"porcentaje":2.4},"geometry":{"type":"Polygon","coordinates":[[[-58.542575,-34.580323],[-58.5449,-34.582352],[-58.541743,-34.584883],[-58.539413,-34.582899],[-58.542575,-34.580323]]]}},
{"type":"Feature","properties":{"FRAC":"03","RADIO":"07","hogares_nb":9.0,"hogares_si":315.0,"hogares_to":324.0,"porcentaje":2.7777777777777781},"geometry":{"type":"Polygon","coordinates":[[[-58.570882,-34.522778],[-58.571553,-34.524378],[-58.567977,-34.527243],[-58.565544,-34.525271],[-58.567096,-34.523945],[-58.568582,-34.522774],[-58.569692,-34.523747],[-58.570882,-34.522778]]]}},
{"type":"Feature","properties":{"FRAC":"04","RADIO":"05","hogares_nb":19.0,"hogares_si":334.0,"hogares_to":353.0,"porcentaje":5.382436260623229},"geometry":{"type":"Polygon","coordinates":[[[-58.554399,-34.532567],[-58.555694,-34.53379],[-58.554279,-34.534874],[-58.551718,-34.536969],[-58.550399,-34.53586],[-58.55165,-34.534796],[-58.554399,-34.532567]]]}},
{"type":"Feature","properties":{"FRAC":"11","RADIO":"08","hogares_nb":2.0,"hogares_si":239.0,"hogares_to":241.0,"porcentaje":0.829875518672199},"geometry":{"type":"Polygon","coordinates":[[[-58.55106,-34.549166],[-58.551919,-34.549897],[-58.550648,-34.550945],[-58.549595,-34.550068],[-58.55106,-34.549166]]]}},
{"type":"Feature","properties":{"FRAC":"11","RADIO":"03","hogares_nb":5.0,"hogares_si":381.0,"hogares_to":386.0,"porcentaje":1.295336787564767},"geometry":{"type":"Polygon","coordinates":[[[-58.553623,-34.547087],[-58.554905,-34.546057],[-58.556633,-34.547537],[-58.555373,-34.548559],[-58.553623,-34.547087]]]}},
{"type":"Feature","properties":{"FRAC":"08","RADIO":"04","hogares_nb":7.0,"hogares_si":345.0,"hogares_to":352.0,"porcentaje":1.988636363636364},"geometry":{"type":"Polygon","coordinates":[[[-58.521396,-34.560888],[-58.526505,-34.56391],[-58.52472,-34.565907],[-58.519647,-34.562877],[-58.521396,-34.560888]]]}},
{"type":"Feature","properties":{"FRAC":"09","RADIO":"03","hogares_nb":7.0,"hogares_si":354.0,"hogares_to":361.0,"porcentaje":1.939058171745152},"geometry":{"type":"Polygon","coordinates":[[[-58.528707,-34.565204],[-58.53065,-34.566831],[-58.528539,-34.568582],[-58.529065,-34.569021],[-58.528003,-34.569891],[-58.526026,-34.568308],[-58.528707,-34.565204]]]}},
{"type":"Feature","properties":{"FRAC":"17","RADIO":"07","hogares_nb":18.0,"hogares_si":370.0,"hogares_to":388.0,"porcentaje":4.6391752577319592},"geometry":{"type":"Polygon","coordinates":[[[-58.569523,-34.540361],[-58.570445,-34.541219],[-58.572431,-34.542919],[-58.570576,-34.544402],[-58.567557,-34.541951],[-58.569523,-34.540361]]]}},
{"type":"Feature","properties":{"FRAC":"47","RADIO":"02","hogares_nb":1.0,"hogares_si":339.0,"hogares_to":340.0,"porcentaje":0.29411764705882398},"geometry":{"type":"Polygon","coordinates":[[[-58.571443,-34.542069],[-58.573222,-34.541286],[-58.57426,-34.542976],[-58.574837,-34.543659],[-58.572037,-34.5456],[-58.570576,-34.544402],[-58.572431,-34.542919],[-58.571443,-34.542069]]]}},
{"type":"Feature","properties":{"FRAC":"37","RADIO":"14","hogares_nb":14.0,"hogares_si":238.0,"hogares_to":252.0,"porcentaje":5.5555555555555554},"geometry":{"type":"Polygon","coordinates":[[[-58.605909,-34.552109],[-58.606882,-34.55295],[-58.607789,-34.553875],[-58.608672,-34.554683],[-58.606842,-34.556077],[-58.605061,-34.554359],[-58.603996,-34.553421],[-58.604907,-34.552754],[-58.604989,-34.552832],[-58.605909,-34.552109]]]}},
{"type":"Feature","properties":{"FRAC":"41","RADIO":"06","hogares_nb":10.0,"hogares_si":329.0,"hogares_to":339.0,"porcentaje":2.9498525073746311},"geometry":{"type":"Polygon","coordinates":[[[-58.509551,-34.569656],[-58.50986,-34.569346],[-58.509844,-34.569311],[-58.509961,-34.569139],[-58.510829,-34.568009],[-58.518107,-34.572466],[-58.520192,-34.569963],[-58.522411,-34.571239],[-58.520231,-34.573763],[-58.528566,-34.578776],[-58.528103,-34.579086],[-58.52674,-34.579718],[-58.520215,-34.582686],[-58.519075,-34.583154],[-58.515332,-34.580918],[-58.514756,-34.580995],[-58.51145,-34.573986],[-58.509551,-34.569656]]]}},
{"type":"Feature","properties":{"FRAC":"43","RADIO":"02","hogares_nb":37.0,"hogares_si":392.0,"hogares_to":429.0,"porcentaje":8.6247086247086244},"geometry":{"type":"Polygon","coordinates":[[[-58.532649,-34.555399],[-58.532961,-34.555656],[-58.532362,-34.556152],[-58.537304,-34.560223],[-58.536717,-34.560735],[-58.537544,-34.561352],[-58.537623,-34.561291],[-58.540339,-34.563572],[-58.539136,-34.565094],[-58.5392,-34.565158],[-58.538626,-34.5659],[-58.53479,-34.563465],[-58.533028,-34.562065],[-58.530541,-34.563929],[-58.526119,-34.559915],[-58.531858,-34.555984],[-58.532649,-34.555399]]]}},
{"type":"Feature","properties":{"FRAC":"45","RADIO":"06","hogares_nb":35.0,"hogares_si":331.0,"hogares_to":366.0,"porcentaje":9.5628415300546443},"geometry":{"type":"Polygon","coordinates":[[[-58.593597,-34.538936],[-58.596179,-34.536849],[-58.597606,-34.535596],[-58.598799,-34.537679],[-58.59519,-34.540356],[-58.593597,-34.538936]]]}},
{"type":"Feature","properties":{"FRAC":"17","RADIO":"01","hogares_nb":12.0,"hogares_si":276.0,"hogares_to":288.0,"porcentaje":4.1666666666666661},"geometry":{"type":"Polygon","coordinates":[[[-58.574415,-34.536452],[-58.576966,-34.534343],[-58.577889,-34.53693],[-58.575617,-34.537444],[-58.574415,-34.536452]]]}},
{"type":"Feature","properties":{"FRAC":"09","RADIO":"09","hogares_nb":33.0,"hogares_si":324.0,"hogares_to":357.0,"porcentaje":9.2436974789915975},"geometry":{"type":"Polygon","coordinates":[[[-58.530848,-34.570484],[-58.531887,-34.569649],[-58.533423,-34.570912],[-58.534484,-34.57005],[-58.53514,-34.570627],[-58.534201,-34.57161],[-58.530917,-34.574207],[-58.53006,-34.573667],[-58.531322,-34.572635],[-58.530549,-34.571995],[-58.531599,-34.571142],[-58.530848,-34.570484]]]}},
{"type":"Feature","properties":{"FRAC":"11","RADIO":"02","hogares_nb":3.0,"hogares_si":242.0,"hogares_to":245.0,"porcentaje":1.2244897959183669},"geometry":{"type":"Polygon","coordinates":[[[-58.556633,-34.547537],[-58.557936,-34.546489],[-58.559623,-34.547873],[-58.560882,-34.546844],[-58.561091,-34.546885],[-58.558329,-34.549127],[-58.557998,-34.548668],[-58.556633,-34.547537]]]}},
{"type":"Feature","properties":{"FRAC":"44","RADIO":"02","hogares_nb":8.0,"hogares_si":360.0,"hogares_to":368.0,"porcentaje":2.1739130434782612},"geometry":{"type":"Polygon","coordinates":[[[-58.558874,-34.534528],[-58.561232,-34.536527],[-58.557375,-34.539652],[-58.55505,-34.537658],[-58.558874,-34.534528]]]}},
{"type":"Feature","properties":{"FRAC":"43","RADIO":"08","hogares_nb":2.0,"hogares_si":400.0,"hogares_to":402.0,"porcentaje":0.49751243781094501},"geometry":{"type":"Polygon","coordinates":[[[-58.53479,-34.563465],[-58.536519,-34.564567],[-58.536221,-34.564834],[-58.53716,-34.565314],[-58.534485,-34.567508],[-58.532276,-34.56549],[-58.53479,-34.563465]]]}},
{"type":"Feature","properties":{"FRAC":"28","RADIO":"07","hogares_nb":16.0,"hogares_si":396.0,"hogares_to":412.0,"porcentaje":3.883495145631068},"geometry":{"type":"Polygon","coordinates":[[[-58.557584,-34.590227],[-58.558913,-34.58899],[-58.559986,-34.588083],[-58.561813,-34.589619],[-58.563008,-34.590699],[-58.562271,-34.591452],[-58.560211,-34.591766],[-58.557584,-34.590227]]]}},
{"type":"Feature","properties":{"FRAC":"33","RADIO":"08","hogares_nb":8.0,"hogares_si":293.0,"hogares_to":301.0,"porcentaje":2.6578073089701002},"geometry":{"type":"Polygon","coordinates":[[[-58.567875,-34.566882],[-58.569491,-34.568506],[-58.565876,-34.571342],[-58.564435,-34.569613],[-58.567875,-34.566882]]]}},
{"type":"Feature","properties":{"FRAC":"01","RADIO":"06","hogares_nb":26.0,"hogares_si":172.0,"hogares_to":198.0,"porcentaje":13.131313131313133},"geometry":{"type":"Polygon","coordinates":[[[-58.583541,-34.509532],[-58.585278,-34.508057],[-58.586021,-34.508663],[-58.58537,-34.509181],[-58.584943,-34.509719],[-58.584725,-34.509831],[-58.584371,-34.51011],[-58.584254,-34.510134],[-58.583541,-34.509532]]]}},
{"type":"Feature","properties":{"FRAC":"24","RADIO":"03","hogares_nb":18.0,"hogares_si":408.0,"hogares_to":426.0,"porcentaje":4.225352112676056},"geometry":{"type":"Polygon","coordinates":[[[-58.534119,-34.582044],[-58.536789,-34.584272],[-58.533696,-34.586977],[-58.530929,-34.584608],[-58.534119,-34.582044]]]}},
{"type":"Feature","properties":{"FRAC":"15","RADIO":"01","hogares_nb":2.0,"hogares_si":3.0,"hogares_to":5.0,"porcentaje":40.0},"geometry":{"type":"Polygon","coordinates":[[[-58.594317,-34.529853],[-58.593593,-34.528294],[-58.59232,-34.524277],[-58.591531,-34.522092],[-58.591873,-34.521931],[-58.59248,-34.521831],[-58.593026,-34.521821],[-58.593375,-34.521738],[-58.593927,-34.521334],[-58.595065,-34.520411],[-58.595892,-34.51959],[-58.596033,-34.518898],[-58.599304,-34.516232],[-58.602548,-34.513775],[-58.601549,-34.518271],[-58.601257,-34.52069],[-58.601744,-34.521467],[-58.602425,-34.522255],[-58.602988,-34.523165],[-58.603367,-34.524114],[-58.604122,-34.526628],[-58.604306,-34.527992],[-58.604713,-34.529807],[-58.605077,-34.532216],[-58.605471,-34.533412],[-58.606378,-34.534249],[-58.604222,-34.535872],[-58.603902,-34.535992],[-58.603246,-34.536124],[-58.602197,-34.536267],[-58.601689,-34.536477],[-58.601235,-34.536797],[-58.600649,-34.537223],[-58.600495,-34.537469],[-58.600453,-34.537716],[-58.600502,-34.538165],[-58.600421,-34.538535],[-58.600286,-34.538781],[-58.599732,-34.539286],[-58.594317,-34.529853]]]}},
{"type":"Feature","properties":{"FRAC":"45","RADIO":"09","hogares_nb":24.0,"hogares_si":311.0,"hogares_to":335.0,"porcentaje":7.1641791044776122},"geometry":{"type":"Polygon","coordinates":[[[-58.588475,-34.540419],[-58.589348,-34.53969],[-58.590943,-34.541045],[-58.592308,-34.540007],[-58.593862,-34.541356],[-58.591116,-34.543398],[-58.589689,-34.542084],[-58.590075,-34.541754],[-58.588475,-34.540419]]]}},
{"type":"Feature","properties":{"FRAC":"17","RADIO":"02","hogares_nb":11.0,"hogares_si":404.0,"hogares_to":415.0,"porcentaje":2.6506024096385539},"geometry":{"type":"Polygon","coordinates":[[[-58.573832,-34.54037],[-58.574214,-34.540221],[-58.57203,-34.538362],[-58.574415,-34.536452],[-58.575617,-34.537444],[-58.576124,-34.538739],[-58.576423,-34.539938],[-58.575448,-34.540376],[-58.574153,-34.540876],[-58.573832,-34.54037]]]}},
{"type":"Feature","properties":{"FRAC":"42","RADIO":"01","hogares_nb":18.0,"hogares_si":425.0,"hogares_to":443.0,"porcentaje":4.0632054176072234},"geometry":{"type":"Polygon","coordinates":[[[-58.523838,-34.56701],[-58.526026,-34.568308],[-58.52694,-34.56904],[-58.525321,-34.570877],[-58.522107,-34.569024],[-58.523838,-34.56701]]]}},
{"type":"Feature","properties":{"FRAC":"50","RADIO":"03","hogares_nb":7.0,"hogares_si":321.0,"hogares_to":328.0,"porcentaje":2.1341463414634152},"geometry":{"type":"Polygon","coordinates":[[[-58.538403,-34.573369],[-58.539176,-34.574009],[-58.537065,-34.575715],[-58.53554,-34.574434],[-58.53659,-34.5736],[-58.537342,-34.57424],[-58.538403,-34.573369]]]}},
{"type":"Feature","properties":{"FRAC":"29","RADIO":"07","hogares_nb":30.0,"hogares_si":327.0,"hogares_to":357.0,"porcentaje":8.4033613445378155},"geometry":{"type":"Polygon","coordinates":[[[-58.546426,-34.583639],[-58.547479,-34.582785],[-58.548583,-34.581972],[-58.55086,-34.583919],[-58.548738,-34.585597],[-58.546426,-34.583639]]]}},
{"type":"Feature","properties":{"FRAC":"09","RADIO":"02","hogares_nb":6.0,"hogares_si":411.0,"hogares_to":417.0,"porcentaje":1.43884892086331},"geometry":{"type":"Polygon","coordinates":[[[-58.526505,-34.56391],[-58.528707,-34.565204],[-58.526026,-34.568308],[-58.523838,-34.56701],[-58.52472,-34.565907],[-58.526505,-34.56391]]]}},
{"type":"Feature","properties":{"FRAC":"01","RADIO":"02","hogares_nb":21.0,"hogares_si":303.0,"hogares_to":324.0,"porcentaje":6.481481481481481},"geometry":{"type":"Polygon","coordinates":[[[-58.584948,-34.503454],[-58.58612,-34.504348],[-58.585615,-34.504858],[-58.586737,-34.505775],[-58.586381,-34.506061],[-58.585986,-34.506296],[-58.585577,-34.506657],[-58.584782,-34.506657],[-58.580869,-34.506903],[-58.584948,-34.503454]]]}},
{"type":"Feature","properties":{"FRAC":"06","RADIO":"06","hogares_nb":22.0,"hogares_si":314.0,"hogares_to":336.0,"porcentaje":6.5476190476190483},"geometry":{"type":"Polygon","coordinates":[[[-58.533476,-34.543316],[-58.534458,-34.542593],[-58.535901,-34.543881],[-58.536807,-34.543182],[-58.538754,-34.545215],[-58.537032,-34.546493],[-58.533476,-34.543316]]]}},
{"type":"Feature","properties":{"FRAC":"16","RADIO":"01","hogares_nb":52.0,"hogares_si":250.0,"hogares_to":302.0,"porcentaje":17.218543046357617},"geometry":{"type":"Polygon","coordinates":[[[-58.584026,-34.528655],[-58.585085,-34.52772],[-58.585379,-34.527891],[-58.586706,-34.528957],[-58.584559,-34.530745],[-58.584374,-34.530338],[-58.584193,-34.529692],[-58.584026,-34.528655]]]}},
{"type":"Feature","properties":{"FRAC":"19","RADIO":"08","hogares_nb":11.0,"hogares_si":429.0,"hogares_to":440.0,"porcentaje":2.5},"geometry":{"type":"Polygon","coordinates":[[[-58.556161,-34.555959],[-58.557662,-34.554796],[-58.558285,-34.555353],[-58.558549,-34.555167],[-58.562058,-34.55899],[-58.560532,-34.560211],[-58.557803,-34.557358],[-58.556161,-34.555959]]]}},
{"type":"Feature","properties":{"FRAC":"14","RADIO":"13","hogares_nb":4.0,"hogares_si":286.0,"hogares_to":290.0,"porcentaje":1.3793103448275861},"geometry":{"type":"Polygon","coordinates":[[[-58.574141,-34.529009],[-58.575439,-34.528519],[-58.576516,-34.529398],[-58.577314,-34.530412],[-58.57786,-34.530113],[-58.578046,-34.53017],[-58.578155,-34.530129],[-58.578545,-34.530466],[-58.579213,-34.53092],[-58.578009,-34.531405],[-58.575912,-34.53243],[-58.574141,-34.529009]]]}},
{"type":"Feature","properties":{"FRAC":"41","RADIO":"02","hogares_nb":5.0,"hogares_si":353.0,"hogares_to":358.0,"porcentaje":1.396648044692737},"geometry":{"type":"Polygon","coordinates":[[[-58.517979,-34.56867],[-58.520192,-34.569963],[-58.518107,-34.572466],[-58.515897,-34.571123],[-58.517979,-34.56867]]]}},
{"type":"Feature","properties":{"FRAC":"16","RADIO":"02","hogares_nb":56.0,"hogares_si":297.0,"hogares_to":353.0,"porcentaje":15.864022662889518},"geometry":{"type":"Polygon","coordinates":[[[-58.582581,-34.530796],[-58.583134,-34.530457],[-58.583286,-34.530272],[-58.582843,-34.529768],[-58.58407,-34.528816],[-58.584193,-34.529692],[-58.584374,-34.530338],[-58.584559,-34.530745],[-58.583226,-34.531806],[-58.582581,-34.530796]]]}},
{"type":"Feature","properties":{"FRAC":"17","RADIO":"08","hogares_nb":3.0,"hogares_si":155.0,"hogares_to":158.0,"porcentaje":1.89873417721519},"geometry":{"type":"Polygon","coordinates":[[[-58.566712,-34.544231],[-58.567617,-34.543511],[-58.566629,-34.542679],[-58.567557,-34.541951],[-58.569555,-34.543579],[-58.567688,-34.545071],[-58.566712,-34.544231]]]}},
{"type":"Feature","properties":{"FRAC":"47","RADIO":"03","hogares_nb":4.0,"hogares_si":381.0,"hogares_to":385.0,"porcentaje":1.0389610389610391},"geometry":{"type":"Polygon","coordinates":[[[-58.569555,-34.543579],[-58.572037,-34.5456],[-58.569103,-34.547684],[-58.566794,-34.545791],[-58.569555,-34.543579]]]}},
{"type":"Feature","properties":{"FRAC":"49","RADIO":"05","hogares_nb":4.0,"hogares_si":339.0,"hogares_to":343.0,"porcentaje":1.166180758017493},"geometry":{"type":"Polygon","coordinates":[[[-58.543992,-34.572796],[-58.546146,-34.5711],[-58.54838,-34.572992],[-58.546258,-34.574707],[-58.543992,-34.572796]]]}},
{"type":"Feature","properties":{"FRAC":"27","RADIO":"02","hogares_nb":15.0,"hogares_si":405.0,"hogares_to":420.0,"porcentaje":3.5714285714285712},"geometry":{"type":"Polygon","coordinates":[[[-58.549224,-34.589001],[-58.551943,-34.586852],[-58.556559,-34.589611],[-58.55666,-34.590108],[-58.552158,-34.590776],[-58.551958,-34.590999],[-58.549224,-34.589001]]]}},
{"type":"Feature","properties":{"FRAC":"50","RADIO":"04","hogares_nb":0.0,"hogares_si":192.0,"hogares_to":192.0,"porcentaje":0.0},"geometry":{"type":"Polygon","coordinates":[[[-58.539176,-34.574009],[-58.539949,-34.574685],[-58.53891,-34.575529],[-58.538115,-34.574871],[-58.539176,-34.574009]]]}},
{"type":"Feature","properties":{"FRAC":"50","RADIO":"06","hogares_nb":2.0,"hogares_si":165.0,"hogares_to":167.0,"porcentaje":1.197604790419162},"geometry":{"type":"Polygon","coordinates":[[[-58.53786,-34.576373],[-58.539949,-34.574685],[-58.540754,-34.575362],[-58.539704,-34.576215],[-58.540478,-34.576864],[-58.539438,-34.577708],[-58.53786,-34.576373]]]}},
{"type":"Feature","properties":{"FRAC":"34","RADIO":"04","hogares_nb":9.0,"hogares_si":233.0,"hogares_to":242.0,"porcentaje":3.71900826446281},"geometry":{"type":"Polygon","coordinates":[[[-58.568897,-34.558975],[-58.57227,-34.556227],[-58.572991,-34.556805],[-58.572018,-34.5576],[-58.572687,-34.558178],[-58.571389,-34.559266],[-58.570296,-34.56013],[-58.568897,-34.558975]]]}},
{"type":"Feature","properties":{"FRAC":"02","RADIO":"03","hogares_nb":43.0,"hogares_si":422.0,"hogares_to":465.0,"porcentaje":9.2473118279569881},"geometry":{"type":"Polygon","coordinates":[[[-58.580222,-34.515748],[-58.580518,-34.515511],[-58.579819,-34.514935],[-58.580582,-34.514324],[-58.581237,-34.513674],[-58.582102,-34.513105],[-58.58353,-34.51196],[-58.584301,-34.512488],[-58.583296,-34.513291],[-58.584328,-34.514169],[-58.581296,-34.516612],[-58.580222,-34.515748]]]}},
{"type":"Feature","properties":{"FRAC":"06","RADIO":"05","hogares_nb":13.0,"hogares_si":253.0,"hogares_to":266.0,"porcentaje":4.8872180451127818},"geometry":{"type":"Polygon","coordinates":[[[-58.531937,-34.545287],[-58.533964,-34.543726],[-58.537032,-34.546493],[-58.535982,-34.547326],[-58.533848,-34.545409],[-58.532888,-34.546127],[-58.531937,-34.545287]]]}},
{"type":"Feature","properties":{"FRAC":"41","RADIO":"03","hogares_nb":9.0,"hogares_si":361.0,"hogares_to":370.0,"porcentaje":2.432432432432432},"geometry":{"type":"Polygon","coordinates":[[[-58.517643,-34.566365],[-58.519191,-34.567279],[-58.515897,-34.571123],[-58.514399,-34.570213],[-58.517643,-34.566365]]]}},
{"type":"Feature","properties":{"FRAC":"43","RADIO":"04","hogares_nb":9.0,"hogares_si":337.0,"hogares_to":346.0,"porcentaje":2.601156069364162},"geometry":{"type":"Polygon","coordinates":[[[-58.535324,-34.557586],[-58.537258,-34.555995],[-58.54048,-34.558621],[-58.539585,-34.55934],[-58.53893,-34.558801],[-58.537847,-34.55968],[-58.535324,-34.557586]]]}},
{"type":"Feature","properties":{"FRAC":"26","RADIO":"02","hogares_nb":9.0,"hogares_si":256.0,"hogares_to":265.0,"porcentaje":3.3962264150943402},"geometry":{"type":"Polygon","coordinates":[[[-58.53259,-34.587919],[-58.533523,-34.587117],[-58.536278,-34.588811],[-58.533494,-34.591945],[-58.530632,-34.590158],[-58.53259,-34.587919]]]}},
{"type":"Feature","properties":{"FRAC":"15","RADIO":"09","hogares_nb":37.0,"hogares_si":260.0,"hogares_to":297.0,"porcentaje":12.457912457912458},"geometry":{"type":"Polygon","coordinates":[[[-58.59156,-34.531192],[-58.592392,-34.530506],[-58.59341,-34.529454],[-58.593785,-34.529164],[-58.594018,-34.529568],[-58.594317,-34.529853],[-58.594401,-34.530242],[-58.59458,-34.530684],[-58.595111,-34.531774],[-58.595133,-34.53205],[-58.594951,-34.532324],[-58.594699,-34.532532],[-58.593379,-34.5314],[-58.590967,-34.533414],[-58.58988,-34.532482],[-58.590486,-34.531968],[-58.59156,-34.531192]]]}},
{"type":"Feature","properties":{"FRAC":"19","RADIO":"01","hogares_nb":3.0,"hogares_si":291.0,"hogares_to":294.0,"porcentaje":1.0204081632653059},"geometry":{"type":"Polygon","coordinates":[[[-58.555517,-34.551607],[-58.556467,-34.550843],[-58.559409,-34.553348],[-58.558271,-34.554272],[-58.555517,-34.551607]]]}},
{"type":"Feature","properties":{"FRAC":"19","RADIO":"07","hogares_nb":21.0,"hogares_si":380.0,"hogares_to":401.0,"porcentaje":5.2369077306733169},"geometry":{"type":"Polygon","coordinates":[[[-58.554648,-34.557113],[-58.556161,-34.555959],[-58.557803,-34.557358],[-58.559141,-34.558724],[-58.557817,-34.55979],[-58.55672,-34.560603],[-58.553971,-34.558917],[-58.553186,-34.558307],[-58.554648,-34.557113]]]}},
{"type":"Feature","properties":{"FRAC":"20","RADIO":"03","hogares_nb":7.0,"hogares_si":342.0,"hogares_to":349.0,"porcentaje":2.005730659025788},"geometry":{"type":"Polygon","coordinates":[[[-58.560436,-34.562004],[-58.563084,-34.560124],[-58.564956,-34.562102],[-58.56268,-34.563914],[-58.560436,-34.562004]]]}},
{"type":"Feature","properties":{"FRAC":"21","RADIO":"05","hogares_nb":11.0,"hogares_si":412.0,"hogares_to":423.0,"porcentaje":2.60047281323877},"geometry":{"type":"Polygon","coordinates":[[[-58.545611,-34.563667],[-58.548878,-34.566359],[-58.546701,-34.568033],[-58.543545,-34.565336],[-58.545611,-34.563667]]]}},
{"type":"Feature","properties":{"FRAC":"13","RADIO":"08","hogares_nb":10.0,"hogares_si":192.0,"hogares_to":202.0,"porcentaje":4.9504950495049496},"geometry":{"type":"Polygon","coordinates":[[[-58.566069,-34.5385],[-58.56861,-34.53642],[-58.569512,-34.537161],[-58.568209,-34.538191],[-58.569852,-34.539587],[-58.568555,-34.54064],[-58.566069,-34.5385]]]}},
{"type":"Feature","properties":{"FRAC":"14","RADIO":"05","hogares_nb":33.0,"hogares_si":200.0,"hogares_to":233.0,"porcentaje":14.163090128755366},"geometry":{"type":"Polygon","coordinates":[[[-58.577862,-34.524476],[-58.580102,-34.522649],[-58.58062,-34.523085],[-58.580833,-34.523336],[-58.580938,-34.523352],[-58.58051,-34.523639],[-58.578638,-34.525135],[-58.577862,-34.524476]]]}},
{"type":"Feature","properties":{"FRAC":"14","RADIO":"07","hogares_nb":84.0,"hogares_si":243.0,"hogares_to":327.0,"porcentaje":25.688073394495415},"geometry":{"type":"Polygon","coordinates":[[[-58.581793,-34.519765],[-58.582702,-34.518989],[-58.585618,-34.519881],[-58.585548,-34.520019],[-58.585357,-34.519963],[-58.584806,-34.520627],[-58.583407,-34.521613],[-58.581793,-34.519765]]]}},
{"type":"Feature","properties":{"FRAC":"04","RADIO":"08","hogares_nb":5.0,"hogares_si":274.0,"hogares_to":279.0,"porcentaje":1.7921146953405021},"geometry":{"type":"Polygon","coordinates":[[[-58.549116,-34.536884],[-58.550399,-34.53586],[-58.553081,-34.538139],[-58.5518,-34.53917],[-58.549116,-34.536884]]]}},
{"type":"Feature","properties":{"FRAC":"01","RADIO":"01","hogares_nb":36.0,"hogares_si":327.0,"hogares_to":363.0,"porcentaje":9.9173553719008272},"geometry":{"type":"Polygon","coordinates":[[[-58.585615,-34.504858],[-58.58612,-34.504348],[-58.584948,-34.503454],[-58.58936,-34.499612],[-58.590757,-34.498326],[-58.594875,-34.494798],[-58.600164,-34.490162],[-58.600699,-34.490991],[-58.600942,-34.492751],[-58.600788,-34.493524],[-58.600307,-34.494312],[-58.5993,-34.495274],[-58.598783,-34.496069],[-58.598501,-34.496934],[-58.598398,-34.497752],[-58.598396,-34.498554],[-58.59979,-34.501155],[-58.600794,-34.502799],[-58.601341,-34.505435],[-58.601229,-34.505237],[-58.585986,-34.506296],[-58.586381,-34.506061],[-58.586737,-34.505775],[-58.585615,-34.504858]]]}},
{"type":"Feature","properties":{"FRAC":"03","RADIO":"08","hogares_nb":20.0,"hogares_si":441.0,"hogares_to":461.0,"porcentaje":4.3383947939262466},"geometry":{"type":"Polygon","coordinates":[[[-58.571553,-34.524378],[-58.573071,-34.526953],[-58.574141,-34.529009],[-58.572751,-34.53016],[-58.572072,-34.530661],[-58.569021,-34.528079],[-58.56738,-34.529396],[-58.566414,-34.528553],[-58.567977,-34.527243],[-58.571553,-34.524378]]]}},
{"type":"Feature","properties":{"FRAC":"02","RADIO":"02","hogares_nb":25.0,"hogares_si":344.0,"hogares_to":369.0,"porcentaje":6.7750677506775059},"geometry":{"type":"Polygon","coordinates":[[[-58.582324,-34.515784],[-58.584628,-34.517716],[-58.58334,-34.518732],[-58.583256,-34.518879],[-58.58342,-34.519065],[-58.583588,-34.519103],[-58.583523,-34.519255],[-58.582417,-34.518912],[-58.581734,-34.518873],[-58.581231,-34.518905],[-58.577148,-34.520023],[-58.577008,-34.51993],[-58.577212,-34.519902],[-58.582324,-34.515784]]]}},
{"type":"Feature","properties":{"FRAC":"28","RADIO":"02","hogares_nb":16.0,"hogares_si":336.0,"hogares_to":352.0,"porcentaje":4.5454545454545459},"geometry":{"type":"Polygon","coordinates":[[[-58.551943,-34.586852],[-58.553823,-34.585314],[-58.556793,-34.58746],[-58.555265,-34.588848],[-58.551943,-34.586852]]]}},
{"type":"Feature","properties":{"FRAC":"05","RADIO":"09","hogares_nb":10.0,"hogares_si":413.0,"hogares_to":423.0,"porcentaje":2.3640661938534282},"geometry":{"type":"Polygon","coordinates":[[[-58.542675,-34.54208],[-58.544006,-34.543214],[-58.539952,-34.546473],[-58.538754,-34.545215],[-58.542675,-34.54208]]]}},
{"type":"Feature","properties":{"FRAC":"06","RADIO":"11","hogares_nb":55.0,"hogares_si":331.0,"hogares_to":386.0,"porcentaje":14.248704663212436},"geometry":{"type":"Polygon","coordinates":[[[-58.540624,-34.547177],[-58.542422,-34.549108],[-58.54119,-34.550108],[-58.539098,-34.548387],[-58.540624,-34.547177]]]}},
{"type":"Feature","properties":{"FRAC":"45","RADIO":"01","hogares_nb":23.0,"hogares_si":287.0,"hogares_to":310.0,"porcentaje":7.419354838709677},"geometry":{"type":"Polygon","coordinates":[[[-58.594951,-34.532324],[-58.595133,-34.53205],[-58.595111,-34.531774],[-58.59458,-34.530684],[-58.594401,-34.530242],[-58.594317,-34.529853],[-58.596168,-34.533087],[-58.595737,-34.533421],[-58.596168,-34.534312],[-58.595654,-34.534861],[-58.594685,-34.535554],[-58.592459,-34.533614],[-58.593408,-34.532887],[-58.593074,-34.532509],[-58.593906,-34.531852],[-58.594699,-34.532532],[-58.594951,-34.532324]]]}},
{"type":"Feature","properties":{"FRAC":"12","RADIO":"05","hogares_nb":7.0,"hogares_si":439.0,"hogares_to":446.0,"porcentaje":1.569506726457399},"geometry":{"type":"Polygon","coordinates":[[[-58.54631,-34.547297],[-58.548906,-34.545201],[-58.550614,-34.546628],[-58.548018,-34.548706],[-58.54631,-34.547297]]]}},
{"type":"Feature","properties":{"FRAC":"12","RADIO":"02","hogares_nb":3.0,"hogares_si":306.0,"hogares_to":309.0,"porcentaje":0.970873786407767},"geometry":{"type":"Polygon","coordinates":[[[-58.548092,-34.544562],[-58.547312,-34.543857],[-58.549902,-34.541824],[-58.551528,-34.543202],[-58.548906,-34.545201],[-58.548092,-34.544562]]]}},
{"type":"Feature","properties":{"FRAC":"08","RADIO":"06","hogares_nb":18.0,"hogares_si":329.0,"hogares_to":347.0,"porcentaje":5.1873198847262252},"geometry":{"type":"Polygon","coordinates":[[[-58.519647,-34.562877],[-58.521882,-34.564229],[-58.52004,-34.566269],[-58.519191,-34.567279],[-58.516907,-34.565936],[-58.519647,-34.562877]]]}},
{"type":"Feature","properties":{"FRAC":"09","RADIO":"01","hogares_nb":7.0,"hogares_si":398.0,"hogares_to":405.0,"porcentaje":1.728395061728395},"geometry":{"type":"Polygon","coordinates":[[[-58.525084,-34.56306],[-58.527062,-34.56077],[-58.530124,-34.563554],[-58.528707,-34.565204],[-58.525084,-34.56306]]]}},
{"type":"Feature","properties":{"FRAC":"43","RADIO":"05","hogares_nb":7.0,"hogares_si":187.0,"hogares_to":194.0,"porcentaje":3.608247422680412},"geometry":{"type":"Polygon","coordinates":[[[-58.536717,-34.560735],[-58.53789,-34.559717],[-58.537847,-34.55968],[-58.53893,-34.558801],[-58.540531,-34.560118],[-58.539426,-34.560988],[-58.539372,-34.560942],[-58.538299,-34.561849],[-58.537623,-34.561291],[-58.537544,-34.561352],[-58.536717,-34.560735]]]}},
{"type":"Feature","properties":{"FRAC":"13","RADIO":"07","hogares_nb":3.0,"hogares_si":227.0,"hogares_to":230.0,"porcentaje":1.304347826086957},"geometry":{"type":"Polygon","coordinates":[[[-58.568555,-34.54064],[-58.569852,-34.539587],[-58.568209,-34.538191],[-58.569512,-34.537161],[-58.56861,-34.53642],[-58.569184,-34.535958],[-58.571737,-34.538067],[-58.57203,-34.538362],[-58.568855,-34.540898],[-58.568555,-34.54064]]]}},
{"type":"Feature","properties":{"FRAC":"44","RADIO":"04","hogares_nb":7.0,"hogares_si":237.0,"hogares_to":244.0,"porcentaje":2.8688524590163929},"geometry":{"type":"Polygon","coordinates":[[[-58.558671,-34.538631],[-58.561232,-34.536527],[-58.563049,-34.53805],[-58.56047,-34.540108],[-58.558671,-34.538631]]]}},
{"type":"Feature","properties":{"FRAC":"13","RADIO":"02","hogares_nb":10.0,"hogares_si":367.0,"hogares_to":377.0,"porcentaje":2.6525198938992038},"geometry":{"type":"Polygon","coordinates":[[[-58.569397,-34.532823],[-58.571194,-34.534341],[-58.567351,-34.537451],[-58.565572,-34.535965],[-58.569397,-34.532823]]]}},
{"type":"Feature","properties":{"FRAC":"23","RADIO":"09","hogares_nb":1.0,"hogares_si":314.0,"hogares_to":315.0,"porcentaje":0.317460317460317},"geometry":{"type":"Polygon","coordinates":[[[-58.531003,-34.579406],[-58.533163,-34.577633],[-58.534671,-34.578943],[-58.533648,-34.579811],[-58.534442,-34.580478],[-58.533298,-34.581386],[-58.531003,-34.579406]]]}},
{"type":"Feature","properties":{"FRAC":"51","RADIO":"04","hogares_nb":7.0,"hogares_si":214.0,"hogares_to":221.0,"porcentaje":3.1674208144796379},"geometry":{"type":"Polygon","coordinates":[[[-58.535609,-34.583303],[-58.538874,-34.580712],[-58.540436,-34.582046],[-58.537259,-34.584653],[-58.535609,-34.583303]]]}},
{"type":"Feature","properties":{"FRAC":"39","RADIO":"05","hogares_nb":19.0,"hogares_si":359.0,"hogares_to":378.0,"porcentaje":5.0264550264550261},"geometry":{"type":"Polygon","coordinates":[[[-58.558678,-34.528613],[-58.560214,-34.52732],[-58.562623,-34.529247],[-58.563383,-34.52979],[-58.564056,-34.530426],[-58.562461,-34.531697],[-58.558678,-34.528613]]]}},
{"type":"Feature","properties":{"FRAC":"12","RADIO":"04","hogares_nb":4.0,"hogares_si":212.0,"hogares_to":216.0,"porcentaje":1.8518518518518521},"geometry":{"type":"Polygon","coordinates":[[[-58.542356,-34.547908],[-58.544732,-34.545963],[-58.54631,-34.547297],[-58.543913,-34.549225],[-58.542356,-34.547908]]]}},
{"type":"Feature","properties":{"FRAC":"32","RADIO":"01","hogares_nb":7.0,"hogares_si":357.0,"hogares_to":364.0,"porcentaje":1.9230769230769229},"geometry":{"type":"Polygon","coordinates":[[[-58.587527,-34.562579],[-58.587569,-34.562706],[-58.587747,-34.562927],[-58.587984,-34.563019],[-58.588298,-34.563012],[-58.590545,-34.568861],[-58.586713,-34.571838],[-58.584609,-34.573535],[-58.576934,-34.566907],[-58.581285,-34.563406],[-58.582446,-34.562567],[-58.587527,-34.562579]]]}},
{"type":"Feature","properties":{"FRAC":"11","RADIO":"10","hogares_nb":2.0,"hogares_si":108.0,"hogares_to":110.0,"porcentaje":1.8181818181818179},"geometry":{"type":"Polygon","coordinates":[[[-58.543139,-34.549847],[-58.541729,-34.548375],[-58.542356,-34.547908],[-58.546479,-34.551383],[-58.545308,-34.552315],[-58.543139,-34.549847]]]}},
{"type":"Feature","properties":{"FRAC":"35","RADIO":"03","hogares_nb":10.0,"hogares_si":274.0,"hogares_to":284.0,"porcentaje":3.52112676056338},"geometry":{"type":"Polygon","coordinates":[[[-58.579429,-34.554817],[-58.580502,-34.555767],[-58.577858,-34.557857],[-58.576808,-34.556943],[-58.576692,-34.557028],[-58.575808,-34.556285],[-58.577211,-34.555153],[-58.578103,-34.555892],[-58.579429,-34.554817]]]}},
{"type":"Feature","properties":{"FRAC":"37","RADIO":"12","hogares_nb":25.0,"hogares_si":146.0,"hogares_to":171.0,"porcentaje":14.619883040935672},"geometry":{"type":"Polygon","coordinates":[[[-58.60214,-34.551132],[-58.603083,-34.550414],[-58.603657,-34.550953],[-58.603757,-34.551113],[-58.603953,-34.551049],[-58.604686,-34.551698],[-58.604161,-34.55208],[-58.603432,-34.551505],[-58.60256,-34.552161],[-58.602226,-34.551866],[-58.601527,-34.552431],[-58.600848,-34.55181],[-58.601016,-34.551769],[-58.602024,-34.55102],[-58.60214,-34.551132]]]}},
{"type":"Feature","properties":{"FRAC":"47","RADIO":"05","hogares_nb":2.0,"hogares_si":343.0,"hogares_to":345.0,"porcentaje":0.57971014492753603},"geometry":{"type":"Polygon","coordinates":[[[-58.573161,-34.54482],[-58.576996,-34.547705],[-58.575766,-34.548582],[-58.574871,-34.549302],[-58.57318,-34.5482],[-58.570978,-34.546354],[-58.573161,-34.54482]]]}},
{"type":"Feature","properties":{"FRAC":"01","RADIO":"13","hogares_nb":22.0,"hogares_si":159.0,"hogares_to":181.0,"porcentaje":12.154696132596685},"geometry":{"type":"Polygon","coordinates":[[[-58.583296,-34.513291],[-58.585324,-34.511631],[-58.586383,-34.512543],[-58.584328,-34.514169],[-58.583296,-34.513291]]]}},
{"type":"Feature","properties":{"FRAC":"01","RADIO":"14","hogares_nb":48.0,"hogares_si":308.0,"hogares_to":356.0,"porcentaje":13.48314606741573},"geometry":{"type":"Polygon","coordinates":[[[-58.587202,-34.509535],[-58.588124,-34.510264],[-58.588771,-34.509774],[-58.589355,-34.510229],[-58.586383,-34.512543],[-58.585324,-34.511631],[-58.58575,-34.511296],[-58.586258,-34.510793],[-58.587202,-34.509535]]]}},
{"type":"Feature","properties":{"FRAC":"33","RADIO":"10","hogares_nb":7.0,"hogares_si":247.0,"hogares_to":254.0,"porcentaje":2.7559055118110241},"geometry":{"type":"Polygon","coordinates":[[[-58.559487,-34.567099],[-58.562165,-34.566502],[-58.564401,-34.568369],[-58.563783,-34.568848],[-58.563676,-34.568721],[-58.56256,-34.569609],[-58.560971,-34.568247],[-58.559487,-34.567099]]]}},
{"type":"Feature","properties":{"FRAC":"30","RADIO":"08","hogares_nb":7.0,"hogares_si":276.0,"hogares_to":283.0,"porcentaje":2.473498233215548},"geometry":{"type":"Polygon","coordinates":[[[-58.547809,-34.576045],[-58.548228,-34.575555],[-58.549816,-34.574237],[-58.552418,-34.576429],[-58.55297,-34.577283],[-58.551102,-34.578784],[-58.547809,-34.576045]]]}},
{"type":"Feature","properties":{"FRAC":"34","RADIO":"06","hogares_nb":17.0,"hogares_si":299.0,"hogares_to":316.0,"porcentaje":5.3797468354430382},"geometry":{"type":"Polygon","coordinates":[[[-58.570296,-34.56013],[-58.570994,-34.559573],[-58.572233,-34.560619],[-58.571992,-34.560826],[-58.573379,-34.562047],[-58.574443,-34.563797],[-58.57251,-34.564222],[-58.570189,-34.562301],[-58.569818,-34.562583],[-58.569228,-34.562048],[-58.570929,-34.560668],[-58.570296,-34.56013]]]}},
{"type":"Feature","properties":{"FRAC":"47","RADIO":"04","hogares_nb":17.0,"hogares_si":409.0,"hogares_to":426.0,"porcentaje":3.990610328638498},"geometry":{"type":"Polygon","coordinates":[[[-58.569103,-34.547684],[-58.570978,-34.546354],[-58.57318,-34.5482],[-58.574871,-34.549302],[-58.572894,-34.550901],[-58.569103,-34.547684]]]}},
{"type":"Feature","properties":{"FRAC":"21","RADIO":"07","hogares_nb":7.0,"hogares_si":347.0,"hogares_to":354.0,"porcentaje":1.977401129943503},"geometry":{"type":"Polygon","coordinates":[[[-58.540339,-34.563572],[-58.541266,-34.562503],[-58.541498,-34.562734],[-58.541802,-34.564036],[-58.541924,-34.563947],[-58.545091,-34.566644],[-58.544018,-34.56755],[-58.5404,-34.564488],[-58.539597,-34.565533],[-58.539136,-34.565094],[-58.540339,-34.563572]]]}},
{"type":"Feature","properties":{"FRAC":"50","RADIO":"09","hogares_nb":14.0,"hogares_si":317.0,"hogares_to":331.0,"porcentaje":4.2296072507552873},"geometry":{"type":"Polygon","coordinates":[[[-58.539438,-34.577708],[-58.540478,-34.576864],[-58.543614,-34.57947],[-58.542575,-34.580323],[-58.539438,-34.577708]]]}},
{"type":"Feature","properties":{"FRAC":"29","RADIO":"09","hogares_nb":1.0,"hogares_si":363.0,"hogares_to":364.0,"porcentaje":0.27472527472527503},"geometry":{"type":"Polygon","coordinates":[[[-58.552541,-34.579982],[-58.554152,-34.581353],[-58.553031,-34.582207],[-58.551446,-34.580907],[-58.552541,-34.579982]]]}},
{"type":"Feature","properties":{"FRAC":"54","RADIO":"10","hogares_nb":12.0,"hogares_si":251.0,"hogares_to":263.0,"porcentaje":4.5627376425855513},"geometry":{"type":"Polygon","coordinates":[[[-58.595469,-34.557175],[-58.597636,-34.555462],[-58.599423,-34.556083],[-58.599666,-34.556311],[-58.596974,-34.558436],[-58.595469,-34.557175]]]}},
{"type":"Feature","properties":{"FRAC":"54","RADIO":"07","hogares_nb":47.0,"hogares_si":228.0,"hogares_to":275.0,"porcentaje":17.09090909090909},"geometry":{"type":"Polygon","coordinates":[[[-58.59856,-34.554259],[-58.598651,-34.554057],[-58.597535,-34.553482],[-58.598863,-34.552348],[-58.599412,-34.551945],[-58.599934,-34.552318],[-58.600752,-34.55301],[-58.600069,-34.553608],[-58.599727,-34.554114],[-58.599501,-34.554586],[-58.59856,-34.554259]]]}},
{"type":"Feature","properties":{"FRAC":"54","RADIO":"06","hogares_nb":35.0,"hogares_si":222.0,"hogares_to":257.0,"porcentaje":13.618677042801556},"geometry":{"type":"Polygon","coordinates":[[[-58.597826,-34.555523],[-58.595725,-34.554858],[-58.597207,-34.553288],[-58.597436,-34.553457],[-58.597764,-34.553583],[-58.598651,-34.554057],[-58.59856,-34.554259],[-58.599501,-34.554586],[-58.598809,-34.555881],[-58.597826,-34.555523]]]}},
{"type":"Feature","properties":{"FRAC":"54","RADIO":"09","hogares_nb":35.0,"hogares_si":190.0,"hogares_to":225.0,"porcentaje":15.555555555555555},"geometry":{"type":"Polygon","coordinates":[[[-58.599727,-34.554114],[-58.600069,-34.553608],[-58.601797,-34.555113],[-58.60063,-34.555974],[-58.600713,-34.556057],[-58.600277,-34.556411],[-58.598809,-34.555881],[-58.599727,-34.554114]]]}},
{"type":"Feature","properties":{"FRAC":"18","RADIO":"01","hogares_nb":9.0,"hogares_si":428.0,"hogares_to":437.0,"porcentaje":2.0594965675057209},"geometry":{"type":"Polygon","coordinates":[[[-58.56484,-34.544128],[-58.566794,-34.545791],[-58.5639,-34.54811],[-58.561338,-34.546935],[-58.563061,-34.545567],[-58.56484,-34.544128]]]}},
{"type":"Feature","properties":{"FRAC":"31","RADIO":"02","hogares_nb":12.0,"hogares_si":411.0,"hogares_to":423.0,"porcentaje":2.836879432624114},"geometry":{"type":"Polygon","coordinates":[[[-58.561424,-34.579258],[-58.563004,-34.578033],[-58.567504,-34.581871],[-58.565978,-34.583142],[-58.561424,-34.579258]]]}},
{"type":"Feature","properties":{"FRAC":"54","RADIO":"02","hogares_nb":27.0,"hogares_si":186.0,"hogares_to":213.0,"porcentaje":12.676056338028168},"geometry":{"type":"Polygon","coordinates":[[[-58.597207,-34.553288],[-58.595741,-34.551997],[-58.597042,-34.550988],[-58.598707,-34.552487],[-58.597535,-34.553482],[-58.597207,-34.553288]]]}},
{"type":"Feature","properties":{"FRAC":"54","RADIO":"03","hogares_nb":40.0,"hogares_si":229.0,"hogares_to":269.0,"porcentaje":14.869888475836431},"geometry":{"type":"Polygon","coordinates":[[[-58.595299,-34.553761],[-58.594342,-34.553095],[-58.595741,-34.551997],[-58.597207,-34.553288],[-58.596445,-34.554083],[-58.595299,-34.553761]]]}},
{"type":"Feature","properties":{"FRAC":"42","RADIO":"05","hogares_nb":15.0,"hogares_si":231.0,"hogares_to":246.0,"porcentaje":6.0975609756097562},"geometry":{"type":"Polygon","coordinates":[[[-58.524078,-34.573764],[-58.524968,-34.57273],[-58.525776,-34.573226],[-58.529027,-34.575939],[-58.52787,-34.576837],[-58.525486,-34.574854],[-58.524735,-34.574169],[-58.524078,-34.573764]]]}},
{"type":"Feature","properties":{"FRAC":"42","RADIO":"03","hogares_nb":9.0,"hogares_si":352.0,"hogares_to":361.0,"porcentaje":2.493074792243767},"geometry":{"type":"Polygon","coordinates":[[[-58.521533,-34.572228],[-58.524735,-34.574169],[-58.523121,-34.575501],[-58.520231,-34.573763],[-58.521533,-34.572228]]]}},
{"type":"Feature","properties":{"FRAC":"09","RADIO":"06","hogares_nb":7.0,"hogares_si":295.0,"hogares_to":302.0,"porcentaje":2.317880794701987},"geometry":{"type":"Polygon","coordinates":[[[-58.531424,-34.567463],[-58.533005,-34.566166],[-58.535225,-34.568184],[-58.533711,-34.56941],[-58.531424,-34.567463]]]}},
{"type":"Feature","properties":{"FRAC":"49","RADIO":"02","hogares_nb":7.0,"hogares_si":240.0,"hogares_to":247.0,"porcentaje":2.834008097165992},"geometry":{"type":"Polygon","coordinates":[[[-58.546701,-34.568033],[-58.548878,-34.566359],[-58.550366,-34.567824],[-58.548245,-34.569476],[-58.546701,-34.568033]]]}},
{"type":"Feature","properties":{"FRAC":"15","RADIO":"05","hogares_nb":61.0,"hogares_si":352.0,"hogares_to":413.0,"porcentaje":14.769975786924938},"geometry":{"type":"Polygon","coordinates":[[[-58.585745,-34.534896],[-58.586037,-34.534773],[-58.585049,-34.53321],[-58.586695,-34.532436],[-58.588357,-34.533747],[-58.586089,-34.53557],[-58.585745,-34.534896]]]}},
{"type":"Feature","properties":{"FRAC":"15","RADIO":"10","hogares_nb":39.0,"hogares_si":248.0,"hogares_to":287.0,"porcentaje":13.588850174216027},"geometry":{"type":"Polygon","coordinates":[[[-58.590199,-34.534037],[-58.593379,-34.5314],[-58.593906,-34.531852],[-58.593074,-34.532509],[-58.593408,-34.532887],[-58.591928,-34.534028],[-58.592322,-34.53437],[-58.591574,-34.534985],[-58.59074,-34.534306],[-58.590594,-34.534403],[-58.590199,-34.534037]]]}},
{"type":"Feature","properties":{"FRAC":"50","RADIO":"01","hogares_nb":6.0,"hogares_si":232.0,"hogares_to":238.0,"porcentaje":2.521008403361344},"geometry":{"type":"Polygon","coordinates":[[[-58.533155,-34.572438],[-58.534201,-34.57161],[-58.53514,-34.570627],[-58.536889,-34.572089],[-58.535828,-34.572951],[-58.53659,-34.5736],[-58.53554,-34.574434],[-58.533155,-34.572438]]]}},
{"type":"Feature","properties":{"FRAC":"23","RADIO":"02","hogares_nb":16.0,"hogares_si":234.0,"hogares_to":250.0,"porcentaje":6.4},"geometry":{"type":"Polygon","coordinates":[[[-58.532868,-34.573925],[-58.533738,-34.574647],[-58.531627,-34.576361],[-58.530118,-34.575086],[-58.531137,-34.574327],[-58.531818,-34.574786],[-58.532868,-34.573925]]]}},
{"type":"Feature","properties":{"FRAC":"23","RADIO":"04","hogares_nb":4.0,"hogares_si":207.0,"hogares_to":211.0,"porcentaje":1.8957345971563979},"geometry":{"type":"Polygon","coordinates":[[[-58.529438,-34.578147],[-58.531627,-34.576361],[-58.533163,-34.577633],[-58.531003,-34.579406],[-58.529438,-34.578147]]]}},
{"type":"Feature","properties":{"FRAC":"23","RADIO":"11","hogares_nb":0.0,"hogares_si":241.0,"hogares_to":241.0,"porcentaje":0.0},"geometry":{"type":"Polygon","coordinates":[[[-58.533298,-34.581386],[-58.534442,-34.580478],[-58.536774,-34.582397],[-58.535609,-34.583303],[-58.533298,-34.581386]]]}},
{"type":"Feature","properties":{"FRAC":"27","RADIO":"09","hogares_nb":32.0,"hogares_si":286.0,"hogares_to":318.0,"porcentaje":10.062893081761008},"geometry":{"type":"Polygon","coordinates":[[[-58.552245,-34.590786],[-58.555195,-34.590334],[-58.555631,-34.592241],[-58.552659,-34.592692],[-58.552245,-34.590786]]]}},
{"type":"Feature","properties":{"FRAC":"32","RADIO":"03","hogares_nb":13.0,"hogares_si":281.0,"hogares_to":294.0,"porcentaje":4.4217687074829932},"geometry":{"type":"Polygon","coordinates":[[[-58.579158,-34.568839],[-58.580275,-34.569798],[-58.577789,-34.571788],[-58.575555,-34.56986],[-58.576395,-34.569194],[-58.577501,-34.570154],[-58.579158,-34.568839]]]}},
{"type":"Feature","properties":{"FRAC":"32","RADIO":"07","hogares_nb":11.0,"hogares_si":287.0,"hogares_to":298.0,"porcentaje":3.6912751677852351},"geometry":{"type":"Polygon","coordinates":[[[-58.576972,-34.572446],[-58.578607,-34.571122],[-58.58083,-34.573041],[-58.579184,-34.574364],[-58.576972,-34.572446]]]}},
{"type":"Feature","properties":{"FRAC":"33","RADIO":"11","hogares_nb":18.0,"hogares_si":194.0,"hogares_to":212.0,"porcentaje":8.4905660377358494},"geometry":{"type":"Polygon","coordinates":[[[-58.575592,-34.565749],[-58.576366,-34.565141],[-58.576463,-34.565194],[-58.576986,-34.5648],[-58.578216,-34.565846],[-58.576934,-34.566907],[-58.575592,-34.565749]]]}},
{"type":"Feature","properties":{"FRAC":"33","RADIO":"12","hogares_nb":7.0,"hogares_si":269.0,"hogares_to":276.0,"porcentaje":2.5362318840579712},"geometry":{"type":"Polygon","coordinates":[[[-58.570099,-34.566528],[-58.568595,-34.565086],[-58.57102,-34.56454],[-58.573968,-34.567084],[-58.572941,-34.567937],[-58.572241,-34.568676],[-58.570099,-34.566528]]]}},
{"type":"Feature","properties":{"FRAC":"33","RADIO":"13","hogares_nb":3.0,"hogares_si":198.0,"hogares_to":201.0,"porcentaje":1.4925373134328359},"geometry":{"type":"Polygon","coordinates":[[[-58.565876,-34.571342],[-58.567721,-34.569877],[-58.570351,-34.572161],[-58.56802,-34.574],[-58.565876,-34.571342]]]}},
{"type":"Feature","properties":{"FRAC":"34","RADIO":"11","hogares_nb":24.0,"hogares_si":200.0,"hogares_to":224.0,"porcentaje":10.714285714285714},"geometry":{"type":"Polygon","coordinates":[[[-58.567919,-34.56089],[-58.56959,-34.559538],[-58.570296,-34.56013],[-58.56858,-34.56148],[-58.567919,-34.56089]]]}},
{"type":"Feature","properties":{"FRAC":"45","RADIO":"02","hogares_nb":34.0,"hogares_si":267.0,"hogares_to":301.0,"porcentaje":11.295681063122924},"geometry":{"type":"Polygon","coordinates":[[[-58.591084,-34.535387],[-58.592322,-34.53437],[-58.591928,-34.534028],[-58.592459,-34.533614],[-58.594685,-34.535554],[-58.592891,-34.536997],[-58.591084,-34.535387]]]}},
{"type":"Feature","properties":{"FRAC":"46","RADIO":"03","hogares_nb":5.0,"hogares_si":235.0,"hogares_to":240.0,"porcentaje":2.083333333333333},"geometry":{"type":"Polygon","coordinates":[[[-58.581808,-34.541081],[-58.586324,-34.539655],[-58.586724,-34.540422],[-58.58713,-34.541386],[-58.585926,-34.541729],[-58.58623,-34.54229],[-58.585249,-34.543091],[-58.584625,-34.54325],[-58.584283,-34.543525],[-58.584025,-34.543333],[-58.583626,-34.542454],[-58.582574,-34.54277],[-58.581808,-34.541081]]]}},
{"type":"Feature","properties":{"FRAC":"46","RADIO":"05","hogares_nb":7.0,"hogares_si":199.0,"hogares_to":206.0,"porcentaje":3.3980582524271838},"geometry":{"type":"Polygon","coordinates":[[[-58.581275,-34.544884],[-58.580599,-34.543397],[-58.582574,-34.54277],[-58.583164,-34.544017],[-58.585171,-34.545762],[-58.582467,-34.547945],[-58.581275,-34.544884]]]}},
{"type":"Feature","properties":{"FRAC":"17","RADIO":"05","hogares_nb":4.0,"hogares_si":191.0,"hogares_to":195.0,"porcentaje":2.0512820512820511},"geometry":{"type":"Polygon","coordinates":[[[-58.569523,-34.540361],[-58.573832,-34.54037],[-58.574153,-34.540876],[-58.571443,-34.542069],[-58.569523,-34.540361]]]}},
{"type":"Feature","properties":{"FRAC":"17","RADIO":"09","hogares_nb":13.0,"hogares_si":232.0,"hogares_to":245.0,"porcentaje":5.3061224489795924},"geometry":{"type":"Polygon","coordinates":[[[-58.56484,-34.544128],[-58.566629,-34.542679],[-58.567617,-34.543511],[-58.566712,-34.544231],[-58.567688,-34.545071],[-58.566794,-34.545791],[-58.56484,-34.544128]]]}},
{"type":"Feature","properties":{"FRAC":"39","RADIO":"02","hogares_nb":9.0,"hogares_si":275.0,"hogares_to":284.0,"porcentaje":3.169014084507042},"geometry":{"type":"Polygon","coordinates":[[[-58.555589,-34.528664],[-58.55789,-34.526712],[-58.559474,-34.527954],[-58.557102,-34.529946],[-58.555589,-34.528664]]]}},
{"type":"Feature","properties":{"FRAC":"47","RADIO":"07","hogares_nb":12.0,"hogares_si":226.0,"hogares_to":238.0,"porcentaje":5.0420168067226889},"geometry":{"type":"Polygon","coordinates":[[[-58.575375,-34.544044],[-58.577915,-34.543244],[-58.578524,-34.544603],[-58.578878,-34.544905],[-58.578046,-34.545157],[-58.579606,-34.546344],[-58.579068,-34.546835],[-58.575375,-34.544044]]]}},
{"type":"Feature","properties":{"FRAC":"48","RADIO":"03","hogares_nb":87.0,"hogares_si":326.0,"hogares_to":413.0,"porcentaje":21.06537530266344},"geometry":{"type":"Polygon","coordinates":[[[-58.558432,-34.552516],[-58.560773,-34.55066],[-58.561713,-34.551486],[-58.561368,-34.551771],[-58.562346,-34.55263],[-58.560771,-34.553913],[-58.560332,-34.554143],[-58.558432,-34.552516]]]}},
{"type":"Feature","properties":{"FRAC":"48","RADIO":"08","hogares_nb":14.0,"hogares_si":215.0,"hogares_to":229.0,"porcentaje":6.1135371179039302},"geometry":{"type":"Polygon","coordinates":[[[-58.566156,-34.555839],[-58.565305,-34.555162],[-58.566341,-34.554403],[-58.565546,-34.553735],[-58.56654,-34.552963],[-58.568566,-34.554693],[-58.567729,-34.555575],[-58.566818,-34.556437],[-58.566156,-34.555839]]]}},
{"type":"Feature","properties":{"FRAC":"19","RADIO":"10","hogares_nb":4.0,"hogares_si":308.0,"hogares_to":312.0,"porcentaje":1.2820512820512819},"geometry":{"type":"Polygon","coordinates":[[[-58.559415,-34.556124],[-58.561071,-34.554872],[-58.561094,-34.55481],[-58.563304,-34.556774],[-58.56135,-34.558243],[-58.559415,-34.556124]]]}},
{"type":"Feature","properties":{"FRAC":"20","RADIO":"09","hogares_nb":5.0,"hogares_si":220.0,"hogares_to":225.0,"porcentaje":2.2222222222222219},"geometry":{"type":"Polygon","coordinates":[[[-58.559392,-34.561121],[-58.562058,-34.55899],[-58.563084,-34.560124],[-58.560436,-34.562004],[-58.559392,-34.561121]]]}},
{"type":"Feature","properties":{"FRAC":"21","RADIO":"10","hogares_nb":3.0,"hogares_si":228.0,"hogares_to":231.0,"porcentaje":1.2987012987012989},"geometry":{"type":"Polygon","coordinates":[[[-58.539954,-34.569408],[-58.540009,-34.569359],[-58.53928,-34.568729],[-58.54139,-34.567059],[-58.54372,-34.569025],[-58.541586,-34.570775],[-58.539954,-34.569408]]]}},
{"type":"Feature","properties":{"FRAC":"49","RADIO":"03","hogares_nb":1.0,"hogares_si":296.0,"hogares_to":297.0,"porcentaje":0.336700336700337},"geometry":{"type":"Polygon","coordinates":[[[-58.544514,-34.569729],[-58.546701,-34.568033],[-58.548245,-34.569476],[-58.546146,-34.5711],[-58.544514,-34.569729]]]}},
{"type":"Feature","properties":{"FRAC":"06","RADIO":"03","hogares_nb":15.0,"hogares_si":428.0,"hogares_to":443.0,"porcentaje":3.386004514672686},"geometry":{"type":"Polygon","coordinates":[[[-58.52739,-34.544189],[-58.529088,-34.542323],[-58.530527,-34.543503],[-58.530239,-34.543779],[-58.531089,-34.544384],[-58.531593,-34.543881],[-58.532141,-34.544316],[-58.533476,-34.543316],[-58.533964,-34.543726],[-58.530491,-34.546385],[-58.529654,-34.54576],[-58.530186,-34.545234],[-58.529905,-34.545018],[-58.529352,-34.544629],[-58.528742,-34.545216],[-58.52739,-34.544189]]]}},
{"type":"Feature","properties":{"FRAC":"06","RADIO":"01","hogares_nb":8.0,"hogares_si":307.0,"hogares_to":315.0,"porcentaje":2.53968253968254},"geometry":{"type":"Polygon","coordinates":[[[-58.529995,-34.541384],[-58.528191,-34.54036],[-58.529764,-34.537311],[-58.533458,-34.539612],[-58.536807,-34.543182],[-58.535901,-34.543881],[-58.534458,-34.542593],[-58.534172,-34.542805],[-58.532629,-34.541525],[-58.531971,-34.542069],[-58.531491,-34.542559],[-58.529995,-34.541384]]]}},
{"type":"Feature","properties":{"FRAC":"06","RADIO":"13","hogares_nb":9.0,"hogares_si":252.0,"hogares_to":261.0,"porcentaje":3.4482758620689649},"geometry":{"type":"Polygon","coordinates":[[[-58.529032,-34.542386],[-58.52751,-34.541672],[-58.528191,-34.54036],[-58.529995,-34.541384],[-58.531491,-34.542559],[-58.530527,-34.543503],[-58.529088,-34.542323],[-58.529032,-34.542386]]]}},
{"type":"Feature","properties":{"FRAC":"49","RADIO":"08","hogares_nb":16.0,"hogares_si":405.0,"hogares_to":421.0,"porcentaje":3.800475059382423},"geometry":{"type":"Polygon","coordinates":[[[-58.552701,-34.569519],[-58.553664,-34.571182],[-58.548797,-34.575052],[-58.548228,-34.575555],[-58.547809,-34.576045],[-58.546258,-34.574707],[-58.551453,-34.570487],[-58.552701,-34.569519]]]}},
{"type":"Feature","properties":{"FRAC":"18","RADIO":"02","hogares_nb":12.0,"hogares_si":394.0,"hogares_to":406.0,"porcentaje":2.9556650246305418},"geometry":{"type":"Polygon","coordinates":[[[-58.566794,-34.545791],[-58.570403,-34.548772],[-58.569486,-34.549509],[-58.567296,-34.548925],[-58.564352,-34.547781],[-58.566794,-34.545791]]]}},
{"type":"Feature","properties":{"FRAC":"03","RADIO":"06","hogares_nb":12.0,"hogares_si":209.0,"hogares_to":221.0,"porcentaje":5.4298642533936654},"geometry":{"type":"Polygon","coordinates":[[[-58.5646,-34.52827],[-58.566847,-34.526324],[-58.567977,-34.527243],[-58.565685,-34.529139],[-58.5646,-34.52827]]]}},
{"type":"Feature","properties":{"FRAC":"04","RADIO":"09","hogares_nb":9.0,"hogares_si":224.0,"hogares_to":233.0,"porcentaje":3.8626609442060089},"geometry":{"type":"Polygon","coordinates":[[[-58.554399,-34.532567],[-58.555508,-34.531655],[-58.556653,-34.530808],[-58.557102,-34.529946],[-58.558709,-34.531346],[-58.556831,-34.532815],[-58.555694,-34.53379],[-58.554399,-34.532567]]]}},
{"type":"Feature","properties":{"FRAC":"05","RADIO":"11","hogares_nb":9.0,"hogares_si":255.0,"hogares_to":264.0,"porcentaje":3.4090909090909092},"geometry":{"type":"Polygon","coordinates":[[[-58.543946,-34.54103],[-58.546494,-34.538955],[-58.547884,-34.540096],[-58.545269,-34.542177],[-58.543946,-34.54103]]]}},
{"type":"Feature","properties":{"FRAC":"05","RADIO":"12","hogares_nb":4.0,"hogares_si":229.0,"hogares_to":233.0,"porcentaje":1.716738197424893},"geometry":{"type":"Polygon","coordinates":[[[-58.543423,-34.54482],[-58.545949,-34.542743],[-58.547312,-34.543857],[-58.544732,-34.545963],[-58.543423,-34.54482]]]}},
{"type":"Feature","properties":{"FRAC":"07","RADIO":"04","hogares_nb":16.0,"hogares_si":282.0,"hogares_to":298.0,"porcentaje":5.3691275167785237},"geometry":{"type":"Polygon","coordinates":[[[-58.529607,-34.550094],[-58.533872,-34.548438],[-58.536175,-34.550023],[-58.530728,-34.552134],[-58.529607,-34.550094]]]}},
{"type":"Feature","properties":{"FRAC":"48","RADIO":"07","hogares_nb":26.0,"hogares_si":373.0,"hogares_to":399.0,"porcentaje":6.5162907268170418},"geometry":{"type":"Polygon","coordinates":[[[-58.562346,-34.55263],[-58.565305,-34.555162],[-58.563304,-34.556774],[-58.560332,-34.554143],[-58.560771,-34.553913],[-58.562346,-34.55263]]]}},
{"type":"Feature","properties":{"FRAC":"18","RADIO":"07","hogares_nb":9.0,"hogares_si":308.0,"hogares_to":317.0,"porcentaje":2.8391167192429019},"geometry":{"type":"Polygon","coordinates":[[[-58.569381,-34.553753],[-58.572021,-34.551602],[-58.574117,-34.5533],[-58.572392,-34.554744],[-58.571536,-34.553977],[-58.57057,-34.554809],[-58.569381,-34.553753]]]}},
{"type":"Feature","properties":{"FRAC":"48","RADIO":"05","hogares_nb":6.0,"hogares_si":235.0,"hogares_to":241.0,"porcentaje":2.489626556016598},"geometry":{"type":"Polygon","coordinates":[[[-58.565989,-34.550875],[-58.569381,-34.553753],[-58.568566,-34.554693],[-58.564973,-34.551668],[-58.565989,-34.550875]]]}},
{"type":"Feature","properties":{"FRAC":"19","RADIO":"05","hogares_nb":5.0,"hogares_si":346.0,"hogares_to":351.0,"porcentaje":1.424501424501424},"geometry":{"type":"Polygon","coordinates":[[[-58.54868,-34.556997],[-58.551682,-34.559465],[-58.549092,-34.561509],[-58.54615,-34.558995],[-58.54868,-34.556997]]]}},
{"type":"Feature","properties":{"FRAC":"23","RADIO":"08","hogares_nb":6.0,"hogares_si":273.0,"hogares_to":279.0,"porcentaje":2.150537634408602},"geometry":{"type":"Polygon","coordinates":[[[-58.533163,-34.577633],[-58.534224,-34.57678],[-58.535759,-34.578087],[-58.534671,-34.578943],[-58.533163,-34.577633]]]}},
{"type":"Feature","properties":{"FRAC":"20","RADIO":"02","hogares_nb":26.0,"hogares_si":412.0,"hogares_to":438.0,"porcentaje":5.93607305936073},"geometry":{"type":"Polygon","coordinates":[[[-58.562732,-34.559761],[-58.565692,-34.557456],[-58.568408,-34.559359],[-58.564956,-34.562102],[-58.562732,-34.559761]]]}},
{"type":"Feature","properties":{"FRAC":"31","RADIO":"07","hogares_nb":4.0,"hogares_si":307.0,"hogares_to":311.0,"porcentaje":1.2861736334405141},"geometry":{"type":"Polygon","coordinates":[[[-58.565335,-34.585388],[-58.567819,-34.583408],[-58.56984,-34.585171],[-58.567375,-34.587125],[-58.565335,-34.585388]]]}},
{"type":"Feature","properties":{"FRAC":"12","RADIO":"08","hogares_nb":2.0,"hogares_si":286.0,"hogares_to":288.0,"porcentaje":0.69444444444444398},"geometry":{"type":"Polygon","coordinates":[[[-58.554436,-34.543536],[-58.55701,-34.541449],[-58.559641,-34.543679],[-58.557088,-34.545758],[-58.554436,-34.543536]]]}},
{"type":"Feature","properties":{"FRAC":"12","RADIO":"06","hogares_nb":3.0,"hogares_si":289.0,"hogares_to":292.0,"porcentaje":1.027397260273972},"geometry":{"type":"Polygon","coordinates":[[[-58.548906,-34.545201],[-58.551528,-34.543202],[-58.553144,-34.544575],[-58.550614,-34.546628],[-58.548906,-34.545201]]]}},
{"type":"Feature","properties":{"FRAC":"11","RADIO":"07","hogares_nb":3.0,"hogares_si":406.0,"hogares_to":409.0,"porcentaje":0.73349633251833701},"geometry":{"type":"Polygon","coordinates":[[[-58.549757,-34.550196],[-58.553396,-34.553267],[-58.550993,-34.555204],[-58.547359,-34.552141],[-58.549757,-34.550196]]]}},
{"type":"Feature","properties":{"FRAC":"32","RADIO":"06","hogares_nb":21.0,"hogares_si":430.0,"hogares_to":451.0,"porcentaje":4.6563192904656319},"geometry":{"type":"Polygon","coordinates":[[[-58.576972,-34.572446],[-58.579184,-34.574364],[-58.57672,-34.57631],[-58.574508,-34.5744],[-58.576972,-34.572446]]]}},
{"type":"Feature","properties":{"FRAC":"09","RADIO":"08","hogares_nb":4.0,"hogares_si":279.0,"hogares_to":283.0,"porcentaje":1.4134275618374561},"geometry":{"type":"Polygon","coordinates":[[[-58.530362,-34.568351],[-58.531887,-34.569649],[-58.529797,-34.571364],[-58.528003,-34.569891],[-58.529065,-34.569021],[-58.529312,-34.569231],[-58.530362,-34.568351]]]}},
{"type":"Feature","properties":{"FRAC":"43","RADIO":"06","hogares_nb":3.0,"hogares_si":233.0,"hogares_to":236.0,"porcentaje":1.271186440677966},"geometry":{"type":"Polygon","coordinates":[[[-58.540531,-34.560118],[-58.54238,-34.561619],[-58.542559,-34.561855],[-58.541498,-34.562734],[-58.541266,-34.562503],[-58.540339,-34.563572],[-58.538299,-34.561849],[-58.539372,-34.560942],[-58.539426,-34.560988],[-58.540531,-34.560118]]]}},
{"type":"Feature","properties":{"FRAC":"11","RADIO":"11","hogares_nb":5.0,"hogares_si":122.0,"hogares_to":127.0,"porcentaje":3.9370078740157481},"geometry":{"type":"Polygon","coordinates":[[[-58.555373,-34.548559],[-58.556633,-34.547537],[-58.558152,-34.548839],[-58.556884,-34.549831],[-58.555373,-34.548559]]]}},
{"type":"Feature","properties":{"FRAC":"11","RADIO":"12","hogares_nb":1.0,"hogares_si":107.0,"hogares_to":108.0,"porcentaje":0.92592592592592604},"geometry":{"type":"Polygon","coordinates":[[[-58.55106,-34.549166],[-58.553623,-34.547087],[-58.554503,-34.547836],[-58.551919,-34.549897],[-58.55106,-34.549166]]]}},
{"type":"Feature","properties":{"FRAC":"11","RADIO":"14","hogares_nb":0.0,"hogares_si":98.0,"hogares_to":98.0,"porcentaje":0.0},"geometry":{"type":"Polygon","coordinates":[[[-58.549595,-34.550068],[-58.549757,-34.550196],[-58.546088,-34.553181],[-58.545308,-34.552315],[-58.546479,-34.551383],[-58.545427,-34.550478],[-58.5474,-34.550375],[-58.547481,-34.550106],[-58.54808,-34.550131],[-58.548186,-34.550285],[-58.549595,-34.550068]]]}},
{"type":"Feature","properties":{"FRAC":"12","RADIO":"11","hogares_nb":2.0,"hogares_si":234.0,"hogares_to":236.0,"porcentaje":0.84745762711864403},"geometry":{"type":"Polygon","coordinates":[[[-58.545427,-34.550478],[-58.543913,-34.549225],[-58.54631,-34.547297],[-58.548018,-34.548706],[-58.545841,-34.550483],[-58.545427,-34.550478]]]}},
{"type":"Feature","properties":{"FRAC":"12","RADIO":"12","hogares_nb":2.0,"hogares_si":243.0,"hogares_to":245.0,"porcentaje":0.81632653061224503},"geometry":{"type":"Polygon","coordinates":[[[-58.552869,-34.542202],[-58.553541,-34.542761],[-58.554167,-34.542263],[-58.555088,-34.543012],[-58.553144,-34.544575],[-58.551528,-34.543202],[-58.552869,-34.542202]]]}},
{"type":"Feature","properties":{"FRAC":"44","RADIO":"03","hogares_nb":2.0,"hogares_si":213.0,"hogares_to":215.0,"porcentaje":0.93023255813953498},"geometry":{"type":"Polygon","coordinates":[[[-58.556112,-34.540699],[-58.558671,-34.538631],[-58.56047,-34.540108],[-58.557842,-34.542166],[-58.556112,-34.540699]]]}},
{"type":"Feature","properties":{"FRAC":"13","RADIO":"01","hogares_nb":3.0,"hogares_si":185.0,"hogares_to":188.0,"porcentaje":1.595744680851064},"geometry":{"type":"Polygon","coordinates":[[[-58.569397,-34.532823],[-58.570725,-34.531812],[-58.572072,-34.530661],[-58.572751,-34.53016],[-58.574141,-34.529009],[-58.574686,-34.530002],[-58.57399,-34.530597],[-58.572955,-34.531379],[-58.570325,-34.533601],[-58.569397,-34.532823]]]}},
{"type":"Feature","properties":{"FRAC":"15","RADIO":"02","hogares_nb":35.0,"hogares_si":282.0,"hogares_to":317.0,"porcentaje":11.041009463722396},"geometry":{"type":"Polygon","coordinates":[[[-58.586706,-34.528957],[-58.585379,-34.527891],[-58.585085,-34.52772],[-58.586334,-34.526775],[-58.588621,-34.524887],[-58.588828,-34.524597],[-58.589426,-34.522297],[-58.591016,-34.522204],[-58.591531,-34.522092],[-58.59232,-34.524277],[-58.593593,-34.528294],[-58.594317,-34.529853],[-58.594018,-34.529568],[-58.593785,-34.529164],[-58.59341,-34.529454],[-58.592392,-34.530506],[-58.591236,-34.531458],[-58.590486,-34.531968],[-58.58988,-34.532482],[-58.589686,-34.532399],[-58.588208,-34.53128],[-58.586079,-34.52948],[-58.586706,-34.528957]]]}},
{"type":"Feature","properties":{"FRAC":"15","RADIO":"04","hogares_nb":38.0,"hogares_si":250.0,"hogares_to":288.0,"porcentaje":13.194444444444445},"geometry":{"type":"Polygon","coordinates":[[[-58.585969,-34.53191],[-58.587485,-34.53063],[-58.588208,-34.53128],[-58.589045,-34.531933],[-58.589686,-34.532399],[-58.58988,-34.532482],[-58.588357,-34.533747],[-58.586695,-34.532436],[-58.586614,-34.532477],[-58.585969,-34.53191]]]}},
{"type":"Feature","properties":{"FRAC":"15","RADIO":"06","hogares_nb":24.0,"hogares_si":212.0,"hogares_to":236.0,"porcentaje":10.16949152542373},"geometry":{"type":"Polygon","coordinates":[[[-58.58443,-34.530848],[-58.584674,-34.531213],[-58.585047,-34.531099],[-58.586614,-34.532477],[-58.585049,-34.53321],[-58.583849,-34.531311],[-58.58443,-34.530848]]]}},
{"type":"Feature","properties":{"FRAC":"16","RADIO":"08","hogares_nb":18.0,"hogares_si":293.0,"hogares_to":311.0,"porcentaje":5.787781350482315},"geometry":{"type":"Polygon","coordinates":[[[-58.581626,-34.535575],[-58.582147,-34.536408],[-58.583241,-34.538678],[-58.581021,-34.539367],[-58.580463,-34.538205],[-58.579429,-34.536507],[-58.581626,-34.535575]]]}},
{"type":"Feature","properties":{"FRAC":"16","RADIO":"07","hogares_nb":23.0,"hogares_si":338.0,"hogares_to":361.0,"porcentaje":6.3711911357340716},"geometry":{"type":"Polygon","coordinates":[[[-58.581626,-34.535575],[-58.584057,-34.534552],[-58.584655,-34.536423],[-58.584836,-34.536351],[-58.585592,-34.537952],[-58.583241,-34.538678],[-58.582147,-34.536408],[-58.581626,-34.535575]]]}},
{"type":"Feature","properties":{"FRAC":"16","RADIO":"05","hogares_nb":13.0,"hogares_si":220.0,"hogares_to":233.0,"porcentaje":5.5793991416309012},"geometry":{"type":"Polygon","coordinates":[[[-58.577685,-34.536328],[-58.581214,-34.533436],[-58.582348,-34.535278],[-58.57797,-34.537152],[-58.577685,-34.536328]]]}},
{"type":"Feature","properties":{"FRAC":"31","RADIO":"09","hogares_nb":15.0,"hogares_si":228.0,"hogares_to":243.0,"porcentaje":6.1728395061728394},"geometry":{"type":"Polygon","coordinates":[[[-58.571019,-34.582305],[-58.572243,-34.583252],[-58.56984,-34.585171],[-58.567819,-34.583408],[-58.5686,-34.582792],[-58.569422,-34.583541],[-58.571019,-34.582305]]]}},
{"type":"Feature","properties":{"FRAC":"27","RADIO":"03","hogares_nb":14.0,"hogares_si":221.0,"hogares_to":235.0,"porcentaje":5.9574468085106389},"geometry":{"type":"Polygon","coordinates":[[[-58.55269,-34.592909],[-58.552659,-34.592692],[-58.555631,-34.592241],[-58.555195,-34.590334],[-58.55666,-34.590108],[-58.556559,-34.589611],[-58.560211,-34.591766],[-58.557166,-34.592226],[-58.55269,-34.592909]]]}},
{"type":"Feature","properties":{"FRAC":"37","RADIO":"01","hogares_nb":63.0,"hogares_si":405.0,"hogares_to":468.0,"porcentaje":13.461538461538462},"geometry":{"type":"Polygon","coordinates":[[[-58.598349,-34.54994],[-58.599658,-34.548905],[-58.603594,-34.54595],[-58.599732,-34.539286],[-58.600286,-34.538781],[-58.600421,-34.538535],[-58.600502,-34.538165],[-58.600453,-34.537716],[-58.600495,-34.537469],[-58.600649,-34.537223],[-58.601689,-34.536477],[-58.602197,-34.536267],[-58.603246,-34.536124],[-58.603902,-34.535992],[-58.604222,-34.535872],[-58.606378,-34.534249],[-58.6081,-34.535544],[-58.60869,-34.536303],[-58.609786,-34.538003],[-58.612476,-34.542919],[-58.613272,-34.544106],[-58.613802,-34.544732],[-58.615512,-34.545932],[-58.616591,-34.546886],[-58.617416,-34.547327],[-58.617089,-34.548183],[-58.612814,-34.551543],[-58.611415,-34.55136],[-58.610273,-34.551093],[-58.60814,-34.550294],[-58.605437,-34.552362],[-58.603953,-34.551049],[-58.603757,-34.551113],[-58.603657,-34.550953],[-58.603083,-34.550414],[-58.60214,-34.551132],[-58.602024,-34.55102],[-58.601016,-34.551769],[-58.600525,-34.551891],[-58.598349,-34.54994]]]}},
{"type":"Feature","properties":{"FRAC":"37","RADIO":"06","hogares_nb":48.0,"hogares_si":181.0,"hogares_to":229.0,"porcentaje":20.960698689956331},"geometry":{"type":"Polygon","coordinates":[[[-58.598544,-34.543878],[-58.598961,-34.543685],[-58.600093,-34.544757],[-58.60031,-34.544606],[-58.600791,-34.544487],[-58.601092,-34.54466],[-58.601177,-34.544834],[-58.60115,-34.545103],[-58.600282,-34.545543],[-58.597792,-34.547232],[-58.597182,-34.546685],[-58.598199,-34.545939],[-58.598693,-34.545648],[-58.600035,-34.545288],[-58.599967,-34.545104],[-58.598544,-34.543878]]]}},
{"type":"Feature","properties":{"FRAC":"37","RADIO":"08","hogares_nb":44.0,"hogares_si":199.0,"hogares_to":243.0,"porcentaje":18.106995884773664},"geometry":{"type":"Polygon","coordinates":[[[-58.597792,-34.547232],[-58.59909,-34.546347],[-58.599803,-34.546961],[-58.599827,-34.54706],[-58.599785,-34.547349],[-58.599794,-34.547706],[-58.599831,-34.547741],[-58.599746,-34.547894],[-58.5997,-34.548166],[-58.599743,-34.548307],[-58.600064,-34.548623],[-58.599658,-34.548905],[-58.597792,-34.547232]]]}},
{"type":"Feature","properties":{"FRAC":"46","RADIO":"09","hogares_nb":15.0,"hogares_si":425.0,"hogares_to":440.0,"porcentaje":3.4090909090909092},"geometry":{"type":"Polygon","coordinates":[[[-58.586905,-34.544349],[-58.587786,-34.544871],[-58.588455,-34.545467],[-58.589449,-34.54471],[-58.59068,-34.545721],[-58.589627,-34.546525],[-58.5898,-34.546669],[-58.585912,-34.549756],[-58.585713,-34.549572],[-58.584836,-34.550292],[-58.584809,-34.55092],[-58.584677,-34.551275],[-58.584333,-34.551547],[-58.583997,-34.551705],[-58.583516,-34.550684],[-58.582467,-34.547945],[-58.586905,-34.544349]]]}},
{"type":"Feature","properties":{"FRAC":"32","RADIO":"10","hogares_nb":11.0,"hogares_si":246.0,"hogares_to":257.0,"porcentaje":4.2801556420233462},"geometry":{"type":"Polygon","coordinates":[[[-58.580468,-34.576816],[-58.578344,-34.575013],[-58.58083,-34.573041],[-58.582946,-34.574853],[-58.580468,-34.576816]]]}},
{"type":"Feature","properties":{"FRAC":"52","RADIO":"08","hogares_nb":13.0,"hogares_si":232.0,"hogares_to":245.0,"porcentaje":5.3061224489795924},"geometry":{"type":"Polygon","coordinates":[[[-58.572642,-34.579542],[-58.574279,-34.578255],[-58.576328,-34.580068],[-58.574714,-34.581341],[-58.572642,-34.579542]]]}},
{"type":"Feature","properties":{"FRAC":"45","RADIO":"08","hogares_nb":31.0,"hogares_si":271.0,"hogares_to":302.0,"porcentaje":10.264900662251655},"geometry":{"type":"Polygon","coordinates":[[[-58.592521,-34.542364],[-58.59519,-34.540356],[-58.595766,-34.540876],[-58.594441,-34.541875],[-58.595015,-34.54239],[-58.595204,-34.542626],[-58.593881,-34.543566],[-58.592521,-34.542364]]]}},
{"type":"Feature","properties":{"FRAC":"45","RADIO":"10","hogares_nb":21.0,"hogares_si":218.0,"hogares_to":239.0,"porcentaje":8.7866108786610866},"geometry":{"type":"Polygon","coordinates":[[[-58.591116,-34.543398],[-58.592521,-34.542364],[-58.593881,-34.543566],[-58.592493,-34.544597],[-58.591725,-34.545107],[-58.590828,-34.545829],[-58.589449,-34.54471],[-58.591116,-34.543398]]]}},
{"type":"Feature","properties":{"FRAC":"45","RADIO":"03","hogares_nb":12.0,"hogares_si":228.0,"hogares_to":240.0,"porcentaje":5.0},"geometry":{"type":"Polygon","coordinates":[[[-58.591084,-34.535387],[-58.592891,-34.536997],[-58.591882,-34.537692],[-58.590071,-34.539104],[-58.588338,-34.537579],[-58.591084,-34.535387]]]}},
{"type":"Feature","properties":{"FRAC":"16","RADIO":"06","hogares_nb":42.0,"hogares_si":276.0,"hogares_to":318.0,"porcentaje":13.20754716981132},"geometry":{"type":"Polygon","coordinates":[[[-58.582348,-34.535278],[-58.581214,-34.533436],[-58.582637,-34.532283],[-58.584057,-34.534552],[-58.582348,-34.535278]]]}},
{"type":"Feature","properties":{"FRAC":"15","RADIO":"07","hogares_nb":47.0,"hogares_si":411.0,"hogares_to":458.0,"porcentaje":10.262008733624455},"geometry":{"type":"Polygon","coordinates":[[[-58.584087,-34.5346],[-58.582637,-34.532283],[-58.583849,-34.531311],[-58.586037,-34.534773],[-58.585745,-34.534896],[-58.586089,-34.53557],[-58.585382,-34.536086],[-58.584655,-34.536423],[-58.584087,-34.5346]]]}},
{"type":"Feature","properties":{"FRAC":"46","RADIO":"01","hogares_nb":10.0,"hogares_si":263.0,"hogares_to":273.0,"porcentaje":3.6630036630036629},"geometry":{"type":"Polygon","coordinates":[[[-58.584836,-34.536351],[-58.585382,-34.536086],[-58.586772,-34.537556],[-58.587536,-34.539271],[-58.588514,-34.538963],[-58.589221,-34.538392],[-58.590071,-34.539104],[-58.587292,-34.541424],[-58.58713,-34.541386],[-58.584836,-34.536351]]]}},
{"type":"Feature","properties":{"FRAC":"15","RADIO":"08","hogares_nb":62.0,"hogares_si":355.0,"hogares_to":417.0,"porcentaje":14.86810551558753},"geometry":{"type":"Polygon","coordinates":[[[-58.58988,-34.532482],[-58.590967,-34.533414],[-58.590199,-34.534037],[-58.590594,-34.534403],[-58.59074,-34.534306],[-58.591574,-34.534985],[-58.588338,-34.537579],[-58.589221,-34.538392],[-58.588514,-34.538963],[-58.587536,-34.539271],[-58.586772,-34.537556],[-58.585382,-34.536086],[-58.585637,-34.535928],[-58.58988,-34.532482]]]}},
{"type":"Feature","properties":{"FRAC":"45","RADIO":"07","hogares_nb":52.0,"hogares_si":399.0,"hogares_to":451.0,"porcentaje":11.529933481152993},"geometry":{"type":"Polygon","coordinates":[[[-58.59519,-34.540356],[-58.598799,-34.537679],[-58.599732,-34.539286],[-58.595204,-34.542626],[-58.595015,-34.54239],[-58.594441,-34.541875],[-58.595766,-34.540876],[-58.59519,-34.540356]]]}},
{"type":"Feature","properties":{"FRAC":"37","RADIO":"02","hogares_nb":11.0,"hogares_si":50.0,"hogares_to":61.0,"porcentaje":18.032786885245901},"geometry":{"type":"Polygon","coordinates":[[[-58.597461,-34.542898],[-58.596488,-34.541913],[-58.59744,-34.541225],[-58.597353,-34.541061],[-58.599732,-34.539286],[-58.601503,-34.542349],[-58.600928,-34.542937],[-58.600805,-34.543363],[-58.600698,-34.543562],[-58.600753,-34.543738],[-58.600688,-34.54402],[-58.600791,-34.544487],[-58.60031,-34.544606],[-58.600093,-34.544757],[-58.598961,-34.543685],[-58.598544,-34.543878],[-58.597461,-34.542898]]]}},
{"type":"Feature","properties":{"FRAC":"36","RADIO":"01","hogares_nb":7.0,"hogares_si":118.0,"hogares_to":125.0,"porcentaje":5.6},"geometry":{"type":"Polygon","coordinates":[[[-58.592493,-34.544597],[-58.593881,-34.543566],[-58.594072,-34.543711],[-58.593947,-34.543804],[-58.596081,-34.545726],[-58.59475,-34.546725],[-58.592493,-34.544597]]]}},
{"type":"Feature","properties":{"FRAC":"37","RADIO":"15","hogares_nb":16.0,"hogares_si":216.0,"hogares_to":232.0,"porcentaje":6.8965517241379306},"geometry":{"type":"Polygon","coordinates":[[[-58.60814,-34.550294],[-58.610273,-34.551093],[-58.611415,-34.55136],[-58.612814,-34.551543],[-58.608672,-34.554683],[-58.607789,-34.553875],[-58.606882,-34.55295],[-58.605909,-34.552109],[-58.604989,-34.552832],[-58.604907,-34.552754],[-58.60814,-34.550294]]]}},
{"type":"Feature","properties":{"FRAC":"54","RADIO":"12","hogares_nb":34.0,"hogares_si":306.0,"hogares_to":340.0,"porcentaje":10.0},"geometry":{"type":"Polygon","coordinates":[[[-58.603996,-34.553421],[-58.605061,-34.554359],[-58.606842,-34.556077],[-58.605383,-34.557189],[-58.604449,-34.556377],[-58.603581,-34.5555],[-58.601704,-34.556894],[-58.600277,-34.556411],[-58.600713,-34.556057],[-58.60063,-34.555974],[-58.603996,-34.553421]]]}},
{"type":"Feature","properties":{"FRAC":"54","RADIO":"08","hogares_nb":53.0,"hogares_si":262.0,"hogares_to":315.0,"porcentaje":16.825396825396826},"geometry":{"type":"Polygon","coordinates":[[[-58.600069,-34.553608],[-58.600752,-34.55301],[-58.599708,-34.552172],[-58.600848,-34.55181],[-58.603262,-34.553982],[-58.601797,-34.555113],[-58.600069,-34.553608]]]}},
{"type":"Feature","properties":{"FRAC":"16","RADIO":"03","hogares_nb":50.0,"hogares_si":297.0,"hogares_to":347.0,"porcentaje":14.409221902017292},"geometry":{"type":"Polygon","coordinates":[[[-58.580765,-34.531246],[-58.584026,-34.528655],[-58.58407,-34.528816],[-58.582843,-34.529768],[-58.583286,-34.530272],[-58.583134,-34.530457],[-58.582581,-34.530796],[-58.583226,-34.531806],[-58.581835,-34.532933],[-58.580765,-34.531246]]]}},
{"type":"Feature","properties":{"FRAC":"36","RADIO":"07","hogares_nb":8.0,"hogares_si":109.0,"hogares_to":117.0,"porcentaje":6.8376068376068382},"geometry":{"type":"Polygon","coordinates":[[[-58.58983,-34.552278],[-58.591339,-34.551101],[-58.593007,-34.552567],[-58.593079,-34.552561],[-58.593193,-34.552661],[-58.593644,-34.552296],[-58.594435,-34.553017],[-58.593224,-34.554006],[-58.592404,-34.5533],[-58.591716,-34.553854],[-58.58983,-34.552278]]]}},
{"type":"Feature","properties":{"FRAC":"36","RADIO":"09","hogares_nb":11.0,"hogares_si":122.0,"hogares_to":133.0,"porcentaje":8.2706766917293226},"geometry":{"type":"Polygon","coordinates":[[[-58.5898,-34.546669],[-58.591447,-34.548147],[-58.588808,-34.550143],[-58.588189,-34.54961],[-58.586854,-34.550592],[-58.586232,-34.550038],[-58.585789,-34.550429],[-58.585732,-34.550618],[-58.585711,-34.551176],[-58.585608,-34.551473],[-58.585429,-34.55175],[-58.585197,-34.551964],[-58.584888,-34.552158],[-58.584346,-34.552344],[-58.583997,-34.551705],[-58.584333,-34.551547],[-58.584677,-34.551275],[-58.584809,-34.55092],[-58.584836,-34.550292],[-58.585713,-34.549572],[-58.585912,-34.549756],[-58.5898,-34.546669]]]}},
{"type":"Feature","properties":{"FRAC":"53","RADIO":"02","hogares_nb":27.0,"hogares_si":237.0,"hogares_to":264.0,"porcentaje":10.227272727272728},"geometry":{"type":"Polygon","coordinates":[[[-58.585584,-34.555591],[-58.58747,-34.554117],[-58.590122,-34.556428],[-58.587374,-34.558524],[-58.586868,-34.55899],[-58.585584,-34.555591]]]}},
{"type":"Feature","properties":{"FRAC":"53","RADIO":"05","hogares_nb":24.0,"hogares_si":303.0,"hogares_to":327.0,"porcentaje":7.3394495412844041},"geometry":{"type":"Polygon","coordinates":[[[-58.592256,-34.55949],[-58.591863,-34.558494],[-58.594763,-34.557744],[-58.595469,-34.557175],[-58.597564,-34.558957],[-58.595963,-34.560222],[-58.592219,-34.560203],[-58.592256,-34.55949]]]}},
{"type":"Feature","properties":{"FRAC":"37","RADIO":"05","hogares_nb":49.0,"hogares_si":378.0,"hogares_to":427.0,"porcentaje":11.475409836065573},"geometry":{"type":"Polygon","coordinates":[[[-58.596081,-34.545726],[-58.596895,-34.545063],[-58.596837,-34.545006],[-58.597247,-34.544686],[-58.596707,-34.544215],[-58.59757,-34.543555],[-58.597944,-34.543327],[-58.599967,-34.545104],[-58.600035,-34.545288],[-58.598693,-34.545648],[-58.598199,-34.545939],[-58.597182,-34.546685],[-58.596081,-34.545726]]]}},
{"type":"Feature","properties":{"FRAC":"37","RADIO":"04","hogares_nb":29.0,"hogares_si":218.0,"hogares_to":247.0,"porcentaje":11.740890688259109},"geometry":{"type":"Polygon","coordinates":[[[-58.596081,-34.545726],[-58.59484,-34.544587],[-58.597274,-34.542716],[-58.597944,-34.543327],[-58.59757,-34.543555],[-58.596707,-34.544215],[-58.597247,-34.544686],[-58.596837,-34.545006],[-58.596895,-34.545063],[-58.596081,-34.545726]]]}},
{"type":"Feature","properties":{"FRAC":"36","RADIO":"05","hogares_nb":18.0,"hogares_si":120.0,"hogares_to":138.0,"porcentaje":13.043478260869565},"geometry":{"type":"Polygon","coordinates":[[[-58.593415,-34.547727],[-58.596081,-34.545726],[-58.597182,-34.546685],[-58.594564,-34.548767],[-58.593415,-34.547727]]]}},
{"type":"Feature","properties":{"FRAC":"37","RADIO":"07","hogares_nb":58.0,"hogares_si":216.0,"hogares_to":274.0,"porcentaje":21.167883211678831},"geometry":{"type":"Polygon","coordinates":[[[-58.600791,-34.544487],[-58.600688,-34.54402],[-58.600753,-34.543738],[-58.600698,-34.543562],[-58.600805,-34.543363],[-58.600928,-34.542937],[-58.601503,-34.542349],[-58.603594,-34.54595],[-58.600064,-34.548623],[-58.599743,-34.548307],[-58.5997,-34.548166],[-58.599746,-34.547894],[-58.599831,-34.547741],[-58.599794,-34.547706],[-58.599803,-34.546961],[-58.59909,-34.546347],[-58.600282,-34.545543],[-58.60115,-34.545103],[-58.601177,-34.544834],[-58.601092,-34.54466],[-58.600791,-34.544487]]]}},
{"type":"Feature","properties":{"FRAC":"37","RADIO":"11","hogares_nb":28.0,"hogares_si":183.0,"hogares_to":211.0,"porcentaje":13.270142180094787},"geometry":{"type":"Polygon","coordinates":[[[-58.593768,-34.550281],[-58.595107,-34.549285],[-58.597042,-34.550988],[-58.595741,-34.551997],[-58.593768,-34.550281]]]}},
{"type":"Feature","properties":{"FRAC":"36","RADIO":"02","hogares_nb":10.0,"hogares_si":64.0,"hogares_to":74.0,"porcentaje":13.513513513513514},"geometry":{"type":"Polygon","coordinates":[[[-58.591129,-34.545597],[-58.591725,-34.545107],[-58.592493,-34.544597],[-58.594178,-34.546179],[-58.592763,-34.547161],[-58.591129,-34.545597]]]}},
{"type":"Feature","properties":{"FRAC":"36","RADIO":"03","hogares_nb":5.0,"hogares_si":70.0,"hogares_to":75.0,"porcentaje":6.666666666666667},"geometry":{"type":"Polygon","coordinates":[[[-58.59068,-34.545721],[-58.590828,-34.545829],[-58.591129,-34.545597],[-58.592763,-34.547161],[-58.591447,-34.548147],[-58.589627,-34.546525],[-58.59068,-34.545721]]]}},
{"type":"Feature","properties":{"FRAC":"36","RADIO":"04","hogares_nb":8.0,"hogares_si":125.0,"hogares_to":133.0,"porcentaje":6.0150375939849621},"geometry":{"type":"Polygon","coordinates":[[[-58.592112,-34.548705],[-58.591447,-34.548147],[-58.592763,-34.547161],[-58.594178,-34.546179],[-58.59475,-34.546725],[-58.593415,-34.547727],[-58.594564,-34.548767],[-58.593157,-34.549724],[-58.592112,-34.548705]]]}},
{"type":"Feature","properties":{"FRAC":"01","RADIO":"09","hogares_nb":24.0,"hogares_si":213.0,"hogares_to":237.0,"porcentaje":10.126582278481013},"geometry":{"type":"Polygon","coordinates":[[[-58.58353,-34.51196],[-58.582724,-34.511326],[-58.582083,-34.510729],[-58.583541,-34.509532],[-58.58575,-34.511296],[-58.584301,-34.512488],[-58.58353,-34.51196]]]}},
{"type":"Feature","properties":{"FRAC":"54","RADIO":"13","hogares_nb":30.0,"hogares_si":397.0,"hogares_to":427.0,"porcentaje":7.0257611241217797},"geometry":{"type":"Polygon","coordinates":[[[-58.601078,-34.559039],[-58.600003,-34.558073],[-58.600908,-34.557373],[-58.601704,-34.556894],[-58.603581,-34.5555],[-58.604449,-34.556377],[-58.605383,-34.557189],[-58.601996,-34.559774],[-58.601078,-34.559039]]]}},
{"type":"Feature","properties":{"FRAC":"54","RADIO":"14","hogares_nb":10.0,"hogares_si":227.0,"hogares_to":237.0,"porcentaje":4.2194092827004219},"geometry":{"type":"Polygon","coordinates":[[[-58.600182,-34.561202],[-58.598198,-34.559487],[-58.600003,-34.558073],[-58.601078,-34.559039],[-58.601996,-34.559774],[-58.600182,-34.561202]]]}},
{"type":"Feature","properties":{"FRAC":"02","RADIO":"01","hogares_nb":47.0,"hogares_si":437.0,"hogares_to":484.0,"porcentaje":9.7107438016528924},"geometry":{"type":"Polygon","coordinates":[[[-58.583523,-34.519255],[-58.583588,-34.519103],[-58.58342,-34.519065],[-58.583256,-34.518879],[-58.58334,-34.518732],[-58.584628,-34.517716],[-58.582324,-34.515784],[-58.587397,-34.511728],[-58.589355,-34.510229],[-58.590031,-34.50939],[-58.590095,-34.510088],[-58.585739,-34.519916],[-58.583523,-34.519255]]]}},
{"type":"Feature","properties":{"FRAC":"14","RADIO":"08","hogares_nb":52.0,"hogares_si":170.0,"hogares_to":222.0,"porcentaje":23.423423423423422},"geometry":{"type":"Polygon","coordinates":[[[-58.584806,-34.520627],[-58.585357,-34.519963],[-58.585548,-34.520019],[-58.583661,-34.523885],[-58.58332,-34.523673],[-58.58301,-34.523763],[-58.582925,-34.523385],[-58.583059,-34.52333],[-58.583055,-34.52321],[-58.582949,-34.522741],[-58.582503,-34.521925],[-58.581872,-34.521243],[-58.582592,-34.520694],[-58.583407,-34.521613],[-58.584806,-34.520627]]]}},
{"type":"Feature","properties":{"FRAC":"14","RADIO":"11","hogares_nb":17.0,"hogares_si":241.0,"hogares_to":258.0,"porcentaje":6.5891472868217056},"geometry":{"type":"Polygon","coordinates":[[[-58.582262,-34.524809],[-58.582363,-34.525111],[-58.582252,-34.525415],[-58.582319,-34.526017],[-58.581579,-34.527151],[-58.580814,-34.526819],[-58.579509,-34.528305],[-58.578515,-34.527737],[-58.577762,-34.527075],[-58.580183,-34.525131],[-58.580983,-34.525826],[-58.582262,-34.524809]]]}},
{"type":"Feature","properties":{"FRAC":"14","RADIO":"15","hogares_nb":49.0,"hogares_si":241.0,"hogares_to":290.0,"porcentaje":16.896551724137932},"geometry":{"type":"Polygon","coordinates":[[[-58.583661,-34.523885],[-58.585618,-34.519881],[-58.585739,-34.519916],[-58.584544,-34.523024],[-58.582956,-34.526595],[-58.581849,-34.52884],[-58.582619,-34.52939],[-58.582602,-34.529521],[-58.582748,-34.52967],[-58.576966,-34.534343],[-58.575912,-34.53243],[-58.578009,-34.531405],[-58.579213,-34.53092],[-58.579688,-34.530083],[-58.580581,-34.52873],[-58.579509,-34.528305],[-58.580814,-34.526819],[-58.581579,-34.527151],[-58.583661,-34.523885]]]}},
{"type":"Feature","properties":{"FRAC":"07","RADIO":"01","hogares_nb":20.0,"hogares_si":295.0,"hogares_to":315.0,"porcentaje":6.3492063492063489},"geometry":{"type":"Polygon","coordinates":[[[-58.526644,-34.545011],[-58.52739,-34.544189],[-58.528742,-34.545216],[-58.529352,-34.544629],[-58.530186,-34.545234],[-58.529654,-34.54576],[-58.530491,-34.546385],[-58.528797,-34.547692],[-58.528348,-34.547926],[-58.526644,-34.545011]]]}},
{"type":"Feature","properties":{"FRAC":"07","RADIO":"03","hogares_nb":21.0,"hogares_si":232.0,"hogares_to":253.0,"porcentaje":8.3003952569169961},"geometry":{"type":"Polygon","coordinates":[[[-58.530491,-34.546385],[-58.53148,-34.547222],[-58.531829,-34.546945],[-58.533872,-34.548438],[-58.529607,-34.550094],[-58.528348,-34.547926],[-58.528797,-34.547692],[-58.530491,-34.546385]]]}},
{"type":"Feature","properties":{"FRAC":"37","RADIO":"10","hogares_nb":17.0,"hogares_si":298.0,"hogares_to":315.0,"porcentaje":5.3968253968253972},"geometry":{"type":"Polygon","coordinates":[[[-58.594564,-34.548767],[-58.595902,-34.547737],[-58.598349,-34.54994],[-58.597042,-34.550988],[-58.594564,-34.548767]]]}},
{"type":"Feature","properties":{"FRAC":"53","RADIO":"07","hogares_nb":4.0,"hogares_si":230.0,"hogares_to":234.0,"porcentaje":1.70940170940171},"geometry":{"type":"Polygon","coordinates":[[[-58.598386,-34.562647],[-58.597164,-34.563662],[-58.593316,-34.566668],[-58.592234,-34.563866],[-58.592196,-34.562618],[-58.598386,-34.562647]]]}},
{"type":"Feature","properties":{"FRAC":"06","RADIO":"12","hogares_nb":15.0,"hogares_si":335.0,"hogares_to":350.0,"porcentaje":4.2857142857142856},"geometry":{"type":"Polygon","coordinates":[[[-58.542422,-34.549108],[-58.543845,-34.550612],[-58.540009,-34.553802],[-58.537521,-34.551695],[-58.538104,-34.551322],[-58.538986,-34.551929],[-58.540182,-34.550986],[-58.542422,-34.549108]]]}},
{"type":"Feature","properties":{"FRAC":"12","RADIO":"13","hogares_nb":6.0,"hogares_si":271.0,"hogares_to":277.0,"porcentaje":2.1660649819494582},"geometry":{"type":"Polygon","coordinates":[[[-58.553144,-34.544575],[-58.554436,-34.543536],[-58.557088,-34.545758],[-58.555774,-34.546797],[-58.553144,-34.544575]]]}},
{"type":"Feature","properties":{"FRAC":"18","RADIO":"04","hogares_nb":8.0,"hogares_si":273.0,"hogares_to":281.0,"porcentaje":2.8469750889679708},"geometry":{"type":"Polygon","coordinates":[[[-58.56672,-34.551517],[-58.568498,-34.550157],[-58.571137,-34.552332],[-58.569381,-34.553753],[-58.56672,-34.551517]]]}},
{"type":"Feature","properties":{"FRAC":"31","RADIO":"05","hogares_nb":17.0,"hogares_si":346.0,"hogares_to":363.0,"porcentaje":4.6831955922865012},"geometry":{"type":"Polygon","coordinates":[[[-58.562312,-34.582793],[-58.56397,-34.581442],[-58.565978,-34.583142],[-58.566752,-34.582493],[-58.567819,-34.583408],[-58.565335,-34.585388],[-58.562312,-34.582793]]]}},
{"type":"Feature","properties":{"FRAC":"26","RADIO":"08","hogares_nb":9.0,"hogares_si":286.0,"hogares_to":295.0,"porcentaje":3.050847457627119},"geometry":{"type":"Polygon","coordinates":[[[-58.542343,-34.592371],[-58.544309,-34.594183],[-58.538528,-34.59506],[-58.53787,-34.594646],[-58.538679,-34.59371],[-58.5397,-34.592942],[-58.540585,-34.593801],[-58.542343,-34.592371]]]}},
{"type":"Feature","properties":{"FRAC":"34","RADIO":"10","hogares_nb":5.0,"hogares_si":165.0,"hogares_to":170.0,"porcentaje":2.9411764705882351},"geometry":{"type":"Polygon","coordinates":[[[-58.564077,-34.565084],[-58.566474,-34.563174],[-58.567751,-34.564271],[-58.568595,-34.565086],[-58.565088,-34.565868],[-58.564077,-34.565084]]]}},
{"type":"Feature","properties":{"FRAC":"37","RADIO":"09","hogares_nb":46.0,"hogares_si":363.0,"hogares_to":409.0,"porcentaje":11.246943765281173},"geometry":{"type":"Polygon","coordinates":[[[-58.595902,-34.547737],[-58.597182,-34.546685],[-58.599658,-34.548905],[-58.598349,-34.54994],[-58.595902,-34.547737]]]}},
{"type":"Feature","properties":{"FRAC":"01","RADIO":"04","hogares_nb":21.0,"hogares_si":316.0,"hogares_to":337.0,"porcentaje":6.2314540059347179},"geometry":{"type":"Polygon","coordinates":[[[-58.58024,-34.509315],[-58.579167,-34.508381],[-58.580535,-34.507193],[-58.583541,-34.509532],[-58.582083,-34.510729],[-58.58024,-34.509315]]]}},
{"type":"Feature","properties":{"FRAC":"11","RADIO":"06","hogares_nb":2.0,"hogares_si":310.0,"hogares_to":312.0,"porcentaje":0.64102564102564097},"geometry":{"type":"Polygon","coordinates":[[[-58.558421,-34.549264],[-58.553396,-34.553267],[-58.552387,-34.552417],[-58.55621,-34.549308],[-58.556884,-34.549831],[-58.558152,-34.548839],[-58.558421,-34.549264]]]}},
{"type":"Feature","properties":{"FRAC":"04","RADIO":"04","hogares_nb":12.0,"hogares_si":236.0,"hogares_to":248.0,"porcentaje":4.838709677419355},"geometry":{"type":"Polygon","coordinates":[[[-58.551718,-34.536969],[-58.553021,-34.535921],[-58.554374,-34.537073],[-58.555655,-34.53606],[-58.556331,-34.536636],[-58.553768,-34.538706],[-58.551718,-34.536969]]]}},
{"type":"Feature","properties":{"FRAC":"05","RADIO":"02","hogares_nb":5.0,"hogares_si":188.0,"hogares_to":193.0,"porcentaje":2.590673575129534},"geometry":{"type":"Polygon","coordinates":[[[-58.546494,-34.538955],[-58.549116,-34.536884],[-58.550447,-34.538009],[-58.547884,-34.540096],[-58.546494,-34.538955]]]}},
{"type":"Feature","properties":{"FRAC":"19","RADIO":"02","hogares_nb":3.0,"hogares_si":334.0,"hogares_to":337.0,"porcentaje":0.89020771513353103},"geometry":{"type":"Polygon","coordinates":[[[-58.554685,-34.552258],[-58.555517,-34.551607],[-58.558271,-34.554272],[-58.557641,-34.554769],[-58.554685,-34.552258]]]}},
{"type":"Feature","properties":{"FRAC":"21","RADIO":"03","hogares_nb":1.0,"hogares_si":388.0,"hogares_to":389.0,"porcentaje":0.25706940874035999},"geometry":{"type":"Polygon","coordinates":[[[-58.54615,-34.558995],[-58.548104,-34.560668],[-58.54501,-34.563155],[-58.543012,-34.561499],[-58.54615,-34.558995]]]}},
{"type":"Feature","properties":{"FRAC":"26","RADIO":"07","hogares_nb":8.0,"hogares_si":281.0,"hogares_to":289.0,"porcentaje":2.7681660899653981},"geometry":{"type":"Polygon","coordinates":[[[-58.534372,-34.592437],[-58.533494,-34.591945],[-58.537439,-34.591443],[-58.5397,-34.592942],[-58.538679,-34.59371],[-58.53787,-34.594646],[-58.534372,-34.592437]]]}},
{"type":"Feature","properties":{"FRAC":"39","RADIO":"04","hogares_nb":7.0,"hogares_si":229.0,"hogares_to":236.0,"porcentaje":2.9661016949152539},"geometry":{"type":"Polygon","coordinates":[[[-58.558709,-34.531346],[-58.560366,-34.529996],[-58.562461,-34.531697],[-58.561378,-34.532586],[-58.560694,-34.533074],[-58.558709,-34.531346]]]}},
{"type":"Feature","properties":{"FRAC":"40","RADIO":"02","hogares_nb":21.0,"hogares_si":335.0,"hogares_to":356.0,"porcentaje":5.8988764044943824},"geometry":{"type":"Polygon","coordinates":[[[-58.524603,-34.550441],[-58.526953,-34.551629],[-58.525826,-34.553006],[-58.523631,-34.5519],[-58.524603,-34.550441]]]}},
{"type":"Feature","properties":{"FRAC":"44","RADIO":"07","hogares_nb":6.0,"hogares_si":412.0,"hogares_to":418.0,"porcentaje":1.435406698564593},"geometry":{"type":"Polygon","coordinates":[[[-58.566069,-34.5385],[-58.568855,-34.540898],[-58.56484,-34.544128],[-58.564716,-34.543748],[-58.562214,-34.541609],[-58.566069,-34.5385]]]}},
{"type":"Feature","properties":{"FRAC":"45","RADIO":"04","hogares_nb":63.0,"hogares_si":411.0,"hogares_to":474.0,"porcentaje":13.291139240506327},"geometry":{"type":"Polygon","coordinates":[[[-58.591882,-34.537692],[-58.593473,-34.539036],[-58.593597,-34.538936],[-58.59519,-34.540356],[-58.593862,-34.541356],[-58.592308,-34.540007],[-58.590943,-34.541045],[-58.589348,-34.53969],[-58.591882,-34.537692]]]}},
{"type":"Feature","properties":{"FRAC":"52","RADIO":"05","hogares_nb":12.0,"hogares_si":238.0,"hogares_to":250.0,"porcentaje":4.8},"geometry":{"type":"Polygon","coordinates":[[[-58.570465,-34.577634],[-58.572056,-34.576354],[-58.574279,-34.578255],[-58.572642,-34.579542],[-58.570465,-34.577634]]]}},
{"type":"Feature","properties":{"FRAC":"34","RADIO":"12","hogares_nb":8.0,"hogares_si":122.0,"hogares_to":130.0,"porcentaje":6.1538461538461542},"geometry":{"type":"Polygon","coordinates":[[[-58.56858,-34.56148],[-58.570296,-34.56013],[-58.570929,-34.560668],[-58.569228,-34.562048],[-58.56858,-34.56148]]]}},
{"type":"Feature","properties":{"FRAC":"01","RADIO":"12","hogares_nb":58.0,"hogares_si":187.0,"hogares_to":245.0,"porcentaje":23.673469387755102},"geometry":{"type":"Polygon","coordinates":[[[-58.587202,-34.509535],[-58.585278,-34.508057],[-58.586111,-34.507446],[-58.586899,-34.506738],[-58.587751,-34.507304],[-58.587697,-34.507436],[-58.588545,-34.507983],[-58.587202,-34.509535]]]}},
{"type":"Feature","properties":{"FRAC":"01","RADIO":"05","hogares_nb":23.0,"hogares_si":170.0,"hogares_to":193.0,"porcentaje":11.917098445595855},"geometry":{"type":"Polygon","coordinates":[[[-58.582805,-34.508942],[-58.583297,-34.508471],[-58.584534,-34.507497],[-58.585278,-34.508057],[-58.583541,-34.509532],[-58.582805,-34.508942]]]}},
{"type":"Feature","properties":{"FRAC":"37","RADIO":"13","hogares_nb":26.0,"hogares_si":194.0,"hogares_to":220.0,"porcentaje":11.818181818181818},"geometry":{"type":"Polygon","coordinates":[[[-58.603432,-34.551505],[-58.604161,-34.55208],[-58.604686,-34.551698],[-58.605437,-34.552362],[-58.603262,-34.553982],[-58.601527,-34.552431],[-58.602226,-34.551866],[-58.60256,-34.552161],[-58.603432,-34.551505]]]}},
{"type":"Feature","properties":{"FRAC":"20","RADIO":"07","hogares_nb":10.0,"hogares_si":429.0,"hogares_to":439.0,"porcentaje":2.2779043280182232},"geometry":{"type":"Polygon","coordinates":[[[-58.555781,-34.560048],[-58.559774,-34.562464],[-58.559267,-34.562819],[-58.55638,-34.564402],[-58.555789,-34.563424],[-58.555476,-34.562638],[-58.552031,-34.56454],[-58.550589,-34.56502],[-58.550139,-34.563919],[-58.550551,-34.56387],[-58.551945,-34.562927],[-58.555076,-34.560615],[-58.555781,-34.560048]]]}},
{"type":"Feature","properties":{"FRAC":"22","RADIO":"01","hogares_nb":4.0,"hogares_si":428.0,"hogares_to":432.0,"porcentaje":0.92592592592592604},"geometry":{"type":"Polygon","coordinates":[[[-58.536179,-34.56907],[-58.537561,-34.567293],[-58.540009,-34.569359],[-58.539954,-34.569408],[-58.540072,-34.569495],[-58.536889,-34.572089],[-58.53514,-34.570627],[-58.536289,-34.569163],[-58.536179,-34.56907]]]}},
{"type":"Feature","properties":{"FRAC":"34","RADIO":"07","hogares_nb":9.0,"hogares_si":386.0,"hogares_to":395.0,"porcentaje":2.278481012658228},"geometry":{"type":"Polygon","coordinates":[[[-58.565099,-34.561986],[-58.567252,-34.560292],[-58.569818,-34.562583],[-58.570189,-34.562301],[-58.57251,-34.564222],[-58.568595,-34.565086],[-58.567118,-34.563705],[-58.565099,-34.561986]]]}},
{"type":"Feature","properties":{"FRAC":"19","RADIO":"09","hogares_nb":2.0,"hogares_si":378.0,"hogares_to":380.0,"porcentaje":0.52631578947368396},"geometry":{"type":"Polygon","coordinates":[[[-58.557641,-34.554769],[-58.559409,-34.553348],[-58.561094,-34.55481],[-58.561071,-34.554872],[-58.559415,-34.556124],[-58.558549,-34.555167],[-58.558285,-34.555353],[-58.557641,-34.554769]]]}},
{"type":"Feature","properties":{"FRAC":"14","RADIO":"03","hogares_nb":11.0,"hogares_si":196.0,"hogares_to":207.0,"porcentaje":5.3140096618357484},"geometry":{"type":"Polygon","coordinates":[[[-58.575449,-34.525083],[-58.577035,-34.523755],[-58.579374,-34.525764],[-58.577762,-34.527075],[-58.575449,-34.525083]]]}},
{"type":"Feature","properties":{"FRAC":"17","RADIO":"03","hogares_nb":12.0,"hogares_si":201.0,"hogares_to":213.0,"porcentaje":5.6338028169014089},"geometry":{"type":"Polygon","coordinates":[[[-58.576124,-34.538739],[-58.575617,-34.537444],[-58.577889,-34.53693],[-58.578629,-34.53897],[-58.576423,-34.539938],[-58.576124,-34.538739]]]}},
{"type":"Feature","properties":{"FRAC":"06","RADIO":"02","hogares_nb":16.0,"hogares_si":280.0,"hogares_to":296.0,"porcentaje":5.4054054054054053},"geometry":{"type":"Polygon","coordinates":[[[-58.532141,-34.544316],[-58.531593,-34.543881],[-58.531089,-34.544384],[-58.530239,-34.543779],[-58.531971,-34.542069],[-58.532629,-34.541525],[-58.534172,-34.542805],[-58.532141,-34.544316]]]}},
{"type":"Feature","properties":{"FRAC":"52","RADIO":"02","hogares_nb":22.0,"hogares_si":363.0,"hogares_to":385.0,"porcentaje":5.7142857142857144},"geometry":{"type":"Polygon","coordinates":[[[-58.568705,-34.573476],[-58.572056,-34.576354],[-58.570465,-34.577634],[-58.567081,-34.574764],[-58.568705,-34.573476]]]}},
{"type":"Feature","properties":{"FRAC":"28","RADIO":"06","hogares_nb":18.0,"hogares_si":197.0,"hogares_to":215.0,"porcentaje":8.3720930232558146},"geometry":{"type":"Polygon","coordinates":[[[-58.555265,-34.588848],[-58.556793,-34.58746],[-58.558913,-34.58899],[-58.557584,-34.590227],[-58.555265,-34.588848]]]}},
{"type":"Feature","properties":{"FRAC":"52","RADIO":"07","hogares_nb":23.0,"hogares_si":446.0,"hogares_to":469.0,"porcentaje":4.9040511727078888},"geometry":{"type":"Polygon","coordinates":[[[-58.574279,-34.578255],[-58.578344,-34.575013],[-58.580468,-34.576816],[-58.576328,-34.580068],[-58.574279,-34.578255]]]}},
{"type":"Feature","properties":{"FRAC":"11","RADIO":"13","hogares_nb":1.0,"hogares_si":128.0,"hogares_to":129.0,"porcentaje":0.775193798449612},"geometry":{"type":"Polygon","coordinates":[[[-58.551919,-34.549897],[-58.552799,-34.550646],[-58.551517,-34.551686],[-58.550648,-34.550945],[-58.551919,-34.549897]]]}},
{"type":"Feature","properties":{"FRAC":"18","RADIO":"08","hogares_nb":10.0,"hogares_si":245.0,"hogares_to":255.0,"porcentaje":3.9215686274509798},"geometry":{"type":"Polygon","coordinates":[[[-58.574117,-34.5533],[-58.575121,-34.553917],[-58.57227,-34.556227],[-58.57057,-34.554809],[-58.571536,-34.553977],[-58.572392,-34.554744],[-58.574117,-34.5533]]]}},
{"type":"Feature","properties":{"FRAC":"33","RADIO":"04","hogares_nb":20.0,"hogares_si":303.0,"hogares_to":323.0,"porcentaje":6.1919504643962853},"geometry":{"type":"Polygon","coordinates":[[[-58.575592,-34.565749],[-58.576934,-34.566907],[-58.573378,-34.569763],[-58.572241,-34.568676],[-58.572941,-34.567937],[-58.575592,-34.565749]]]}},
{"type":"Feature","properties":{"FRAC":"37","RADIO":"03","hogares_nb":43.0,"hogares_si":172.0,"hogares_to":215.0,"porcentaje":20.0},"geometry":{"type":"Polygon","coordinates":[[[-58.593947,-34.543804],[-58.594072,-34.543711],[-58.593881,-34.543566],[-58.597353,-34.541061],[-58.59744,-34.541225],[-58.596488,-34.541913],[-58.597274,-34.542716],[-58.59484,-34.544587],[-58.593947,-34.543804]]]}},
{"type":"Feature","properties":{"FRAC":"54","RADIO":"04","hogares_nb":51.0,"hogares_si":164.0,"hogares_to":215.0,"porcentaje":23.720930232558139},"geometry":{"type":"Polygon","coordinates":[[[-58.593357,-34.554123],[-58.593198,-34.554027],[-58.594342,-34.553095],[-58.595299,-34.553761],[-58.596445,-34.554083],[-58.595725,-34.554858],[-58.593357,-34.554123]]]}},
{"type":"Feature","properties":{"FRAC":"30","RADIO":"07","hogares_nb":13.0,"hogares_si":195.0,"hogares_to":208.0,"porcentaje":6.25},"geometry":{"type":"Polygon","coordinates":[[[-58.549816,-34.574237],[-58.552055,-34.572448],[-58.555434,-34.575314],[-58.55297,-34.577283],[-58.552418,-34.576429],[-58.549816,-34.574237]]]}},
{"type":"Feature","properties":{"FRAC":"14","RADIO":"04","hogares_nb":32.0,"hogares_si":251.0,"hogares_to":283.0,"porcentaje":11.307420494699647},"geometry":{"type":"Polygon","coordinates":[[[-58.576881,-34.523623],[-58.57959,-34.521698],[-58.580291,-34.522486],[-58.577862,-34.524476],[-58.576881,-34.523623]]]}},
{"type":"Feature","properties":{"FRAC":"04","RADIO":"10","hogares_nb":7.0,"hogares_si":208.0,"hogares_to":215.0,"porcentaje":3.2558139534883721},"geometry":{"type":"Polygon","coordinates":[[[-58.553775,-34.531991],[-58.554399,-34.532567],[-58.55165,-34.534796],[-58.55003,-34.533443],[-58.551271,-34.53235],[-58.552256,-34.533197],[-58.553775,-34.531991]]]}},
{"type":"Feature","properties":{"FRAC":"54","RADIO":"01","hogares_nb":22.0,"hogares_si":203.0,"hogares_to":225.0,"porcentaje":9.7777777777777786},"geometry":{"type":"Polygon","coordinates":[[[-58.597042,-34.550988],[-58.598349,-34.54994],[-58.600525,-34.551891],[-58.599708,-34.552172],[-58.599412,-34.551945],[-58.598707,-34.552487],[-58.597042,-34.550988]]]}},
{"type":"Feature","properties":{"FRAC":"18","RADIO":"05","hogares_nb":7.0,"hogares_si":318.0,"hogares_to":325.0,"porcentaje":2.1538461538461542},"geometry":{"type":"Polygon","coordinates":[[[-58.569421,-34.549481],[-58.569486,-34.549509],[-58.570403,-34.548772],[-58.572894,-34.550901],[-58.571137,-34.552332],[-58.568498,-34.550157],[-58.569421,-34.549481]]]}},
{"type":"Feature","properties":{"FRAC":"42","RADIO":"04","hogares_nb":14.0,"hogares_si":279.0,"hogares_to":293.0,"porcentaje":4.7781569965870307},"geometry":{"type":"Polygon","coordinates":[[[-58.523121,-34.575501],[-58.524735,-34.574169],[-58.525486,-34.574854],[-58.527752,-34.576751],[-58.527056,-34.577284],[-58.526575,-34.57758],[-58.523121,-34.575501]]]}},
{"type":"Feature","properties":{"FRAC":"16","RADIO":"04","hogares_nb":72.0,"hogares_si":396.0,"hogares_to":468.0,"porcentaje":15.384615384615385},"geometry":{"type":"Polygon","coordinates":[[[-58.576966,-34.534343],[-58.580765,-34.531246],[-58.581835,-34.532933],[-58.577685,-34.536328],[-58.576966,-34.534343]]]}},
{"type":"Feature","properties":{"FRAC":"35","RADIO":"12","hogares_nb":19.0,"hogares_si":319.0,"hogares_to":338.0,"porcentaje":5.6213017751479288},"geometry":{"type":"Polygon","coordinates":[[[-58.58274,-34.562333],[-58.58606,-34.559691],[-58.586868,-34.55899],[-58.587564,-34.560826],[-58.587968,-34.562046],[-58.587793,-34.562116],[-58.587585,-34.56229],[-58.587526,-34.562392],[-58.587527,-34.562579],[-58.582991,-34.562568],[-58.58274,-34.562333]]]}},
{"type":"Feature","properties":{"FRAC":"48","RADIO":"04","hogares_nb":34.0,"hogares_si":372.0,"hogares_to":406.0,"porcentaje":8.3743842364532011},"geometry":{"type":"Polygon","coordinates":[[[-58.560773,-34.55066],[-58.563292,-34.548598],[-58.565989,-34.550875],[-58.563042,-34.553223],[-58.561368,-34.551771],[-58.561713,-34.551486],[-58.560773,-34.55066]]]}},
{"type":"Feature","properties":{"FRAC":"46","RADIO":"06","hogares_nb":8.0,"hogares_si":118.0,"hogares_to":126.0,"porcentaje":6.3492063492063489},"geometry":{"type":"Polygon","coordinates":[[[-58.582574,-34.54277],[-58.583626,-34.542454],[-58.584025,-34.543333],[-58.584283,-34.543525],[-58.584625,-34.54325],[-58.58505,-34.543148],[-58.586684,-34.544518],[-58.585171,-34.545762],[-58.583164,-34.544017],[-58.582574,-34.54277]]]}},
{"type":"Feature","properties":{"FRAC":"30","RADIO":"02","hogares_nb":28.0,"hogares_si":392.0,"hogares_to":420.0,"porcentaje":6.666666666666667},"geometry":{"type":"Polygon","coordinates":[[[-58.565524,-34.570906],[-58.562353,-34.573419],[-58.56019,-34.571533],[-58.560959,-34.570861],[-58.563676,-34.568721],[-58.565524,-34.570906]]]}},
{"type":"Feature","properties":{"FRAC":"50","RADIO":"02","hogares_nb":2.0,"hogares_si":283.0,"hogares_to":285.0,"porcentaje":0.70175438596491202},"geometry":{"type":"Polygon","coordinates":[[[-58.535828,-34.572951],[-58.536889,-34.572089],[-58.538403,-34.573369],[-58.537342,-34.57424],[-58.535828,-34.572951]]]}}
]
}
